ID,STN,YYYYMMDD,HH,DD,FH,FF,FX,T,T10,TD,SQ,Q,DR,RH,P,VV,N,U,WW,IX,M,R,S,O,Y
0,240,2018-01-01,1.0,210.0,130.0,130.0,190.0,80.0,,46.0,0.0,0.0,0.0,-1.0,9939.0,63.0,8.0,79.0,51,7.0,0.0,1.0,0.0,0.0,0.0
1,240,2018-01-01,2.0,230.0,120.0,130.0,190.0,79.0,,54.0,0.0,0.0,0.0,-1.0,9943.0,60.0,8.0,84.0,81,7.0,0.0,1.0,0.0,0.0,0.0
2,240,2018-01-01,3.0,260.0,130.0,140.0,200.0,78.0,,42.0,0.0,0.0,0.0,-1.0,9958.0,75.0,8.0,78.0,23,7.0,0.0,1.0,0.0,0.0,0.0
3,240,2018-01-01,4.0,250.0,110.0,100.0,180.0,77.0,,41.0,0.0,0.0,0.0,-1.0,9973.0,75.0,8.0,77.0,23,7.0,0.0,1.0,0.0,0.0,0.0
4,240,2018-01-01,5.0,250.0,110.0,120.0,160.0,73.0,,32.0,0.0,0.0,0.0,0.0,9982.0,75.0,5.0,75.0,,5.0,0.0,0.0,0.0,0.0,0.0
5,240,2018-01-01,6.0,240.0,90.0,70.0,140.0,67.0,55,26.0,0.0,0.0,0.0,0.0,9987.0,74.0,0.0,75.0,1,7.0,0.0,0.0,0.0,0.0,0.0
6,240,2018-01-01,7.0,220.0,80.0,80.0,100.0,59.0,,30.0,0.0,0.0,0.0,0.0,9990.0,70.0,5.0,81.0,,5.0,0.0,0.0,0.0,0.0,0.0
7,240,2018-01-01,8.0,210.0,80.0,80.0,110.0,60.0,,32.0,0.0,0.0,0.0,0.0,9992.0,70.0,0.0,82.0,,5.0,0.0,0.0,0.0,0.0,0.0
8,240,2018-01-01,9.0,210.0,90.0,100.0,130.0,66.0,,43.0,0.0,7.0,0.0,0.0,9993.0,70.0,8.0,85.0,,5.0,0.0,0.0,0.0,0.0,0.0
9,240,2018-01-01,10.0,210.0,100.0,100.0,140.0,68.0,,44.0,5.0,32.0,0.0,0.0,9992.0,70.0,6.0,84.0,,5.0,0.0,0.0,0.0,0.0,0.0
10,240,2018-01-01,11.0,210.0,90.0,100.0,140.0,72.0,,46.0,7.0,50.0,0.0,0.0,9989.0,70.0,8.0,83.0,,5.0,0.0,0.0,0.0,0.0,0.0
11,240,2018-01-01,12.0,210.0,90.0,80.0,140.0,73.0,50,43.0,2.0,48.0,0.0,0.0,9979.0,70.0,8.0,81.0,,5.0,0.0,0.0,0.0,0.0,0.0
12,240,2018-01-01,13.0,200.0,70.0,70.0,110.0,67.0,,42.0,0.0,30.0,0.0,0.0,9972.0,70.0,8.0,84.0,,5.0,0.0,0.0,0.0,0.0,0.0
13,240,2018-01-01,14.0,200.0,60.0,60.0,90.0,69.0,,43.0,0.0,29.0,0.0,0.0,9963.0,69.0,8.0,83.0,,5.0,0.0,0.0,0.0,0.0,0.0
14,240,2018-01-01,15.0,190.0,50.0,40.0,80.0,69.0,,45.0,2.0,12.0,0.0,0.0,9960.0,68.0,8.0,84.0,,5.0,0.0,0.0,0.0,0.0,0.0
15,240,2018-01-01,16.0,170.0,30.0,30.0,60.0,69.0,,47.0,0.0,1.0,0.0,-1.0,9960.0,63.0,8.0,86.0,51,7.0,0.0,1.0,0.0,0.0,0.0
16,240,2018-01-01,17.0,190.0,30.0,30.0,50.0,63.0,,55.0,0.0,0.0,6.0,2.0,9964.0,59.0,8.0,94.0,81,7.0,0.0,1.0,0.0,0.0,0.0
17,240,2018-01-01,18.0,230.0,30.0,30.0,50.0,60.0,57,53.0,0.0,0.0,5.0,3.0,9968.0,61.0,8.0,95.0,61,7.0,0.0,1.0,0.0,0.0,0.0
18,240,2018-01-01,19.0,250.0,30.0,40.0,60.0,61.0,,52.0,0.0,0.0,7.0,1.0,9973.0,63.0,8.0,93.0,57,7.0,0.0,1.0,0.0,0.0,0.0
19,240,2018-01-01,20.0,240.0,40.0,40.0,60.0,64.0,,51.0,0.0,0.0,0.0,-1.0,9982.0,65.0,8.0,91.0,51,7.0,0.0,1.0,0.0,0.0,0.0
20,240,2018-01-01,21.0,240.0,40.0,40.0,60.0,67.0,,50.0,0.0,0.0,0.0,-1.0,9990.0,70.0,8.0,88.0,22,7.0,0.0,1.0,0.0,0.0,0.0
21,240,2018-01-01,22.0,260.0,50.0,60.0,80.0,68.0,,53.0,0.0,0.0,0.0,0.0,10001.0,63.0,8.0,90.0,,5.0,0.0,0.0,0.0,0.0,0.0
22,240,2018-01-01,23.0,250.0,50.0,50.0,80.0,69.0,,53.0,0.0,0.0,1.0,1.0,10010.0,64.0,8.0,89.0,23,7.0,0.0,1.0,0.0,0.0,0.0
23,240,2018-01-01,24.0,270.0,50.0,70.0,100.0,56.0,53,41.0,0.0,0.0,2.0,3.0,10017.0,59.0,8.0,90.0,81,7.0,0.0,1.0,0.0,0.0,0.0
24,240,2018-01-02,1.0,240.0,30.0,30.0,90.0,52.0,,38.0,0.0,0.0,1.0,1.0,10023.0,70.0,4.0,90.0,23,7.0,0.0,1.0,0.0,0.0,0.0
25,240,2018-01-02,2.0,260.0,40.0,40.0,50.0,42.0,,35.0,0.0,0.0,0.0,0.0,10035.0,65.0,1.0,94.0,,5.0,0.0,0.0,0.0,0.0,0.0
26,240,2018-01-02,3.0,260.0,40.0,40.0,50.0,55.0,,49.0,0.0,0.0,0.0,-1.0,10043.0,65.0,8.0,96.0,51,7.0,0.0,1.0,0.0,0.0,0.0
27,240,2018-01-02,4.0,270.0,40.0,60.0,90.0,62.0,,50.0,0.0,0.0,4.0,2.0,10051.0,62.0,8.0,91.0,81,7.0,0.0,1.0,0.0,0.0,0.0
28,240,2018-01-02,5.0,290.0,60.0,80.0,120.0,66.0,,49.0,0.0,0.0,4.0,5.0,10063.0,66.0,8.0,88.0,23,7.0,0.0,1.0,0.0,0.0,0.0
29,240,2018-01-02,6.0,280.0,70.0,60.0,110.0,62.0,25,38.0,0.0,0.0,0.0,0.0,10073.0,70.0,8.0,84.0,2,7.0,0.0,0.0,0.0,0.0,0.0
30,240,2018-01-02,7.0,290.0,60.0,60.0,100.0,63.0,,23.0,0.0,0.0,0.0,0.0,10080.0,75.0,8.0,75.0,,5.0,0.0,0.0,0.0,0.0,0.0
31,240,2018-01-02,8.0,280.0,60.0,50.0,80.0,60.0,,39.0,0.0,0.0,2.0,3.0,10094.0,58.0,8.0,86.0,58,7.0,0.0,1.0,0.0,0.0,0.0
32,240,2018-01-02,9.0,250.0,50.0,70.0,100.0,67.0,,42.0,0.0,7.0,2.0,1.0,10094.0,68.0,8.0,83.0,23,7.0,0.0,1.0,0.0,0.0,0.0
33,240,2018-01-02,10.0,250.0,70.0,80.0,110.0,69.0,,42.0,7.0,28.0,0.0,-1.0,10102.0,70.0,7.0,82.0,23,7.0,0.0,1.0,0.0,0.0,0.0
34,240,2018-01-02,11.0,250.0,70.0,70.0,110.0,69.0,,40.0,0.0,32.0,0.0,0.0,10104.0,70.0,7.0,81.0,,5.0,0.0,0.0,0.0,0.0,0.0
35,240,2018-01-02,12.0,230.0,50.0,50.0,90.0,72.0,53,48.0,0.0,40.0,0.0,0.0,10096.0,67.0,8.0,84.0,2,7.0,0.0,0.0,0.0,0.0,0.0
36,240,2018-01-02,13.0,230.0,60.0,60.0,90.0,68.0,,45.0,0.0,35.0,0.0,0.0,10093.0,65.0,8.0,84.0,,5.0,0.0,0.0,0.0,0.0,0.0
37,240,2018-01-02,14.0,200.0,50.0,60.0,80.0,66.0,,42.0,0.0,17.0,0.0,0.0,10082.0,64.0,8.0,85.0,,5.0,0.0,0.0,0.0,0.0,0.0
38,240,2018-01-02,15.0,190.0,60.0,60.0,90.0,62.0,,39.0,0.0,7.0,0.0,0.0,10077.0,65.0,8.0,85.0,,5.0,0.0,0.0,0.0,0.0,0.0
39,240,2018-01-02,16.0,170.0,60.0,60.0,90.0,59.0,,34.0,0.0,1.0,0.0,0.0,10063.0,65.0,8.0,84.0,,5.0,0.0,0.0,0.0,0.0,0.0
40,240,2018-01-02,17.0,180.0,70.0,70.0,110.0,61.0,,42.0,0.0,0.0,0.0,-1.0,10052.0,62.0,8.0,87.0,51,7.0,0.0,1.0,0.0,0.0,0.0
41,240,2018-01-02,18.0,170.0,90.0,90.0,140.0,62.0,54,44.0,0.0,0.0,8.0,1.0,10035.0,63.0,8.0,88.0,57,7.0,0.0,1.0,0.0,0.0,0.0
42,240,2018-01-02,19.0,180.0,90.0,90.0,140.0,59.0,,53.0,0.0,0.0,9.0,1.0,10018.0,40.0,8.0,95.0,52,7.0,0.0,1.0,0.0,0.0,0.0
43,240,2018-01-02,20.0,190.0,100.0,90.0,140.0,64.0,,58.0,0.0,0.0,7.0,1.0,10003.0,60.0,8.0,95.0,57,7.0,0.0,1.0,0.0,0.0,0.0
44,240,2018-01-02,21.0,200.0,80.0,80.0,120.0,77.0,,70.0,0.0,0.0,4.0,3.0,9988.0,59.0,8.0,95.0,81,7.0,0.0,1.0,0.0,0.0,0.0
45,240,2018-01-02,22.0,200.0,80.0,80.0,110.0,84.0,,77.0,0.0,0.0,9.0,4.0,9969.0,58.0,8.0,95.0,61,7.0,0.0,1.0,0.0,0.0,0.0
46,240,2018-01-02,23.0,200.0,80.0,90.0,130.0,92.0,,85.0,0.0,0.0,10.0,9.0,9948.0,57.0,8.0,95.0,61,7.0,0.0,1.0,0.0,0.0,0.0
47,240,2018-01-02,24.0,190.0,100.0,100.0,140.0,92.0,57,78.0,0.0,0.0,9.0,13.0,9914.0,58.0,8.0,91.0,61,7.0,0.0,1.0,0.0,0.0,0.0
48,240,2018-01-03,1.0,190.0,100.0,110.0,160.0,92.0,,86.0,0.0,0.0,9.0,4.0,9875.0,41.0,8.0,95.0,62,7.0,0.0,1.0,0.0,0.0,0.0
49,240,2018-01-03,2.0,190.0,120.0,120.0,170.0,100.0,,93.0,0.0,0.0,10.0,35.0,9841.0,37.0,8.0,95.0,82,7.0,0.0,1.0,0.0,0.0,0.0
50,240,2018-01-03,3.0,280.0,140.0,100.0,260.0,106.0,,76.0,0.0,0.0,9.0,39.0,9808.0,62.0,8.0,82.0,51,7.0,0.0,1.0,0.0,0.0,0.0
51,240,2018-01-03,4.0,250.0,130.0,120.0,210.0,99.0,,64.0,0.0,0.0,0.0,-1.0,9835.0,65.0,8.0,78.0,22,7.0,0.0,1.0,0.0,0.0,0.0
52,240,2018-01-03,5.0,240.0,110.0,110.0,170.0,92.0,,54.0,0.0,0.0,0.0,0.0,9834.0,67.0,8.0,76.0,,5.0,0.0,0.0,0.0,0.0,0.0
53,240,2018-01-03,6.0,260.0,140.0,130.0,250.0,61.0,55,38.0,0.0,0.0,5.0,5.0,9839.0,59.0,8.0,85.0,58,7.0,0.0,1.0,0.0,1.0,0.0
54,240,2018-01-03,7.0,250.0,120.0,120.0,180.0,74.0,,35.0,0.0,0.0,0.0,-1.0,9841.0,65.0,2.0,76.0,23,7.0,0.0,1.0,0.0,0.0,0.0
55,240,2018-01-03,8.0,250.0,140.0,140.0,200.0,75.0,,31.0,0.0,0.0,0.0,0.0,9844.0,67.0,7.0,73.0,,5.0,0.0,0.0,0.0,0.0,0.0
56,240,2018-01-03,9.0,250.0,160.0,170.0,240.0,77.0,,35.0,0.0,5.0,0.0,-1.0,9845.0,61.0,8.0,74.0,51,7.0,0.0,1.0,0.0,0.0,0.0
57,240,2018-01-03,10.0,260.0,170.0,180.0,260.0,79.0,,39.0,0.0,5.0,9.0,3.0,9851.0,58.0,8.0,75.0,58,7.0,0.0,1.0,0.0,0.0,0.0
58,240,2018-01-03,11.0,260.0,190.0,180.0,260.0,85.0,,39.0,0.0,10.0,0.0,-1.0,9864.0,62.0,8.0,72.0,23,7.0,0.0,1.0,0.0,0.0,0.0
59,240,2018-01-03,12.0,260.0,180.0,180.0,260.0,85.0,55,41.0,0.0,9.0,0.0,-1.0,9882.0,61.0,8.0,74.0,23,7.0,0.0,1.0,0.0,0.0,0.0
60,240,2018-01-03,13.0,260.0,170.0,170.0,250.0,83.0,,42.0,0.0,10.0,0.0,-1.0,9899.0,62.0,8.0,75.0,51,7.0,0.0,1.0,0.0,0.0,0.0
61,240,2018-01-03,14.0,260.0,160.0,160.0,230.0,87.0,,47.0,0.0,20.0,0.0,-1.0,9914.0,62.0,8.0,76.0,22,7.0,0.0,1.0,0.0,0.0,0.0
62,240,2018-01-03,15.0,260.0,150.0,140.0,210.0,88.0,,45.0,0.0,6.0,0.0,0.0,9927.0,62.0,8.0,74.0,2,7.0,0.0,0.0,0.0,0.0,0.0
63,240,2018-01-03,16.0,260.0,140.0,150.0,220.0,88.0,,43.0,0.0,1.0,0.0,0.0,9938.0,65.0,8.0,73.0,,5.0,0.0,0.0,0.0,0.0,0.0
64,240,2018-01-03,17.0,270.0,140.0,150.0,210.0,87.0,,42.0,0.0,0.0,0.0,0.0,9945.0,66.0,8.0,73.0,,5.0,0.0,0.0,0.0,0.0,0.0
65,240,2018-01-03,18.0,250.0,120.0,120.0,200.0,88.0,77,43.0,0.0,0.0,0.0,0.0,9949.0,63.0,8.0,73.0,2,7.0,0.0,0.0,0.0,0.0,0.0
66,240,2018-01-03,19.0,260.0,120.0,130.0,190.0,88.0,,42.0,0.0,0.0,0.0,0.0,9956.0,63.0,8.0,72.0,,5.0,0.0,0.0,0.0,0.0,0.0
67,240,2018-01-03,20.0,260.0,120.0,130.0,170.0,86.0,,42.0,0.0,0.0,0.0,0.0,9963.0,62.0,8.0,73.0,,5.0,0.0,0.0,0.0,0.0,0.0
68,240,2018-01-03,21.0,260.0,120.0,120.0,180.0,84.0,,41.0,0.0,0.0,0.0,0.0,9962.0,60.0,8.0,73.0,,5.0,0.0,0.0,0.0,0.0,0.0
69,240,2018-01-03,22.0,250.0,120.0,120.0,160.0,85.0,,38.0,0.0,0.0,0.0,0.0,9961.0,61.0,8.0,72.0,,5.0,0.0,0.0,0.0,0.0,0.0
70,240,2018-01-03,23.0,250.0,110.0,110.0,160.0,85.0,,41.0,0.0,0.0,0.0,0.0,9967.0,60.0,8.0,73.0,,5.0,0.0,0.0,0.0,0.0,0.0
71,240,2018-01-03,24.0,250.0,110.0,110.0,170.0,85.0,79,42.0,0.0,0.0,0.0,0.0,9967.0,60.0,8.0,74.0,,5.0,0.0,0.0,0.0,0.0,0.0
72,240,2018-01-04,1.0,250.0,110.0,110.0,170.0,83.0,,43.0,0.0,0.0,0.0,0.0,9965.0,59.0,8.0,75.0,4,7.0,0.0,0.0,0.0,0.0,0.0
73,240,2018-01-04,2.0,250.0,100.0,100.0,150.0,82.0,,43.0,0.0,0.0,0.0,0.0,9970.0,59.0,8.0,76.0,4,7.0,0.0,0.0,0.0,0.0,0.0
74,240,2018-01-04,3.0,250.0,100.0,100.0,150.0,81.0,,47.0,0.0,0.0,0.0,0.0,9967.0,58.0,8.0,78.0,4,7.0,0.0,0.0,0.0,0.0,0.0
75,240,2018-01-04,4.0,260.0,90.0,80.0,150.0,77.0,,43.0,0.0,0.0,0.0,0.0,9967.0,59.0,5.0,78.0,4,7.0,0.0,0.0,0.0,0.0,0.0
76,240,2018-01-04,5.0,250.0,80.0,80.0,120.0,76.0,,42.0,0.0,0.0,0.0,0.0,9964.0,59.0,8.0,78.0,4,7.0,0.0,0.0,0.0,0.0,0.0
77,240,2018-01-04,6.0,250.0,70.0,70.0,110.0,75.0,66,47.0,0.0,0.0,0.0,0.0,9961.0,59.0,8.0,82.0,10,7.0,0.0,0.0,0.0,0.0,0.0
78,240,2018-01-04,7.0,240.0,70.0,70.0,110.0,77.0,,51.0,0.0,0.0,0.0,0.0,9960.0,58.0,8.0,83.0,10,7.0,0.0,0.0,0.0,0.0,0.0
79,240,2018-01-04,8.0,230.0,60.0,50.0,110.0,73.0,,53.0,0.0,0.0,0.0,0.0,9955.0,59.0,8.0,86.0,10,7.0,0.0,0.0,0.0,0.0,0.0
80,240,2018-01-04,9.0,220.0,60.0,60.0,80.0,75.0,,55.0,0.0,3.0,0.0,-1.0,9951.0,59.0,8.0,87.0,57,7.0,0.0,1.0,0.0,0.0,0.0
81,240,2018-01-04,10.0,200.0,50.0,50.0,70.0,76.0,,58.0,0.0,18.0,0.0,-1.0,9944.0,60.0,8.0,88.0,23,7.0,0.0,1.0,0.0,0.0,0.0
82,240,2018-01-04,11.0,190.0,50.0,50.0,80.0,81.0,,62.0,0.0,29.0,0.0,-1.0,9934.0,61.0,8.0,87.0,23,7.0,0.0,1.0,0.0,0.0,0.0
83,240,2018-01-04,12.0,190.0,50.0,50.0,80.0,77.0,68,58.0,0.0,34.0,0.0,0.0,9920.0,65.0,8.0,87.0,2,7.0,0.0,0.0,0.0,0.0,0.0
84,240,2018-01-04,13.0,170.0,50.0,40.0,80.0,71.0,,60.0,0.0,18.0,0.0,-1.0,9901.0,57.0,8.0,92.0,22,7.0,0.0,1.0,0.0,0.0,0.0
85,240,2018-01-04,14.0,160.0,50.0,50.0,80.0,70.0,,66.0,0.0,9.0,5.0,1.0,9891.0,47.0,8.0,97.0,52,7.0,0.0,1.0,0.0,0.0,0.0
86,240,2018-01-04,15.0,220.0,60.0,60.0,90.0,89.0,,82.0,0.0,6.0,0.0,-1.0,9882.0,64.0,8.0,95.0,22,7.0,0.0,1.0,0.0,0.0,0.0
87,240,2018-01-04,16.0,230.0,80.0,90.0,140.0,108.0,,89.0,0.0,2.0,0.0,0.0,9876.0,60.0,8.0,88.0,,5.0,0.0,0.0,0.0,0.0,0.0
88,240,2018-01-04,17.0,230.0,110.0,110.0,160.0,105.0,,81.0,0.0,0.0,1.0,3.0,9875.0,57.0,8.0,85.0,81,7.0,0.0,1.0,0.0,0.0,0.0
89,240,2018-01-04,18.0,240.0,120.0,110.0,200.0,99.0,69,64.0,0.0,0.0,1.0,1.0,9879.0,58.0,8.0,78.0,23,7.0,0.0,1.0,0.0,0.0,0.0
90,240,2018-01-04,19.0,250.0,130.0,150.0,210.0,89.0,,54.0,0.0,0.0,0.0,0.0,9883.0,64.0,2.0,78.0,,5.0,0.0,0.0,0.0,0.0,0.0
91,240,2018-01-04,20.0,260.0,150.0,150.0,220.0,85.0,,44.0,0.0,0.0,0.0,0.0,9898.0,60.0,8.0,75.0,,5.0,0.0,0.0,0.0,0.0,0.0
92,240,2018-01-04,21.0,250.0,140.0,120.0,220.0,79.0,,32.0,0.0,0.0,0.0,0.0,9908.0,72.0,6.0,72.0,,5.0,0.0,0.0,0.0,0.0,0.0
93,240,2018-01-04,22.0,250.0,120.0,130.0,190.0,74.0,,30.0,0.0,0.0,0.0,0.0,9915.0,75.0,0.0,73.0,,5.0,0.0,0.0,0.0,0.0,0.0
94,240,2018-01-04,23.0,250.0,120.0,120.0,180.0,74.0,,28.0,0.0,0.0,0.0,0.0,9918.0,72.0,0.0,72.0,,5.0,0.0,0.0,0.0,0.0,0.0
95,240,2018-01-04,24.0,240.0,110.0,90.0,180.0,75.0,64,34.0,0.0,0.0,0.0,0.0,9927.0,69.0,8.0,75.0,,5.0,0.0,0.0,0.0,0.0,0.0
96,240,2018-01-05,1.0,250.0,100.0,100.0,140.0,75.0,,33.0,0.0,0.0,0.0,0.0,9926.0,68.0,8.0,74.0,,5.0,0.0,0.0,0.0,0.0,0.0
97,240,2018-01-05,2.0,230.0,80.0,80.0,150.0,74.0,,40.0,0.0,0.0,0.0,0.0,9930.0,66.0,8.0,78.0,,5.0,0.0,0.0,0.0,0.0,0.0
98,240,2018-01-05,3.0,230.0,80.0,80.0,120.0,71.0,,18.0,0.0,0.0,0.0,0.0,9924.0,80.0,8.0,68.0,,5.0,0.0,0.0,0.0,0.0,0.0
99,240,2018-01-05,4.0,230.0,70.0,70.0,120.0,59.0,,24.0,0.0,0.0,0.0,-1.0,9924.0,75.0,8.0,78.0,22,7.0,0.0,1.0,0.0,0.0,0.0
100,240,2018-01-05,5.0,220.0,60.0,50.0,90.0,48.0,,27.0,0.0,0.0,0.0,0.0,9929.0,70.0,8.0,86.0,,5.0,0.0,0.0,0.0,0.0,0.0
101,240,2018-01-05,6.0,220.0,50.0,50.0,70.0,52.0,40,33.0,0.0,0.0,0.0,0.0,9935.0,70.0,8.0,87.0,2,7.0,0.0,0.0,0.0,0.0,0.0
102,240,2018-01-05,7.0,230.0,50.0,50.0,70.0,59.0,,42.0,0.0,0.0,0.0,0.0,9937.0,70.0,8.0,89.0,,5.0,0.0,0.0,0.0,0.0,0.0
103,240,2018-01-05,8.0,200.0,40.0,40.0,70.0,51.0,,39.0,0.0,0.0,0.0,0.0,9943.0,65.0,8.0,92.0,,5.0,0.0,0.0,0.0,0.0,0.0
104,240,2018-01-05,9.0,210.0,40.0,50.0,60.0,60.0,,50.0,0.0,7.0,0.0,0.0,9953.0,65.0,8.0,93.0,,5.0,0.0,0.0,0.0,0.0,0.0
105,240,2018-01-05,10.0,200.0,50.0,50.0,70.0,66.0,,56.0,0.0,19.0,0.0,0.0,9951.0,65.0,8.0,93.0,,5.0,0.0,0.0,0.0,0.0,0.0
106,240,2018-01-05,11.0,210.0,50.0,40.0,70.0,70.0,,57.0,0.0,19.0,0.0,-1.0,9952.0,60.0,8.0,91.0,51,7.0,0.0,1.0,0.0,0.0,0.0
107,240,2018-01-05,12.0,200.0,50.0,40.0,70.0,75.0,44,59.0,0.0,25.0,0.0,-1.0,9949.0,70.0,8.0,89.0,22,7.0,0.0,1.0,0.0,0.0,0.0
108,240,2018-01-05,13.0,180.0,40.0,30.0,60.0,74.0,,60.0,0.0,15.0,0.0,0.0,9949.0,65.0,8.0,90.0,,5.0,0.0,0.0,0.0,0.0,0.0
109,240,2018-01-05,14.0,190.0,50.0,50.0,80.0,79.0,,66.0,0.0,15.0,0.0,-1.0,9946.0,62.0,8.0,91.0,23,7.0,0.0,1.0,0.0,0.0,0.0
110,240,2018-01-05,15.0,260.0,60.0,60.0,120.0,58.0,,48.0,0.0,4.0,7.0,34.0,9954.0,63.0,8.0,93.0,81,7.0,0.0,1.0,0.0,0.0,0.0
111,240,2018-01-05,16.0,180.0,30.0,30.0,70.0,50.0,,37.0,0.0,3.0,4.0,1.0,9953.0,65.0,8.0,91.0,23,7.0,0.0,1.0,0.0,0.0,0.0
112,240,2018-01-05,17.0,190.0,30.0,40.0,50.0,40.0,,32.0,0.0,0.0,0.0,0.0,9956.0,65.0,1.0,94.0,,5.0,0.0,0.0,0.0,0.0,0.0
113,240,2018-01-05,18.0,180.0,40.0,50.0,60.0,51.0,18,44.0,0.0,0.0,0.0,0.0,9959.0,63.0,6.0,95.0,3,7.0,0.0,0.0,0.0,0.0,0.0
114,240,2018-01-05,19.0,200.0,50.0,60.0,80.0,58.0,,48.0,0.0,0.0,0.0,0.0,9962.0,65.0,6.0,93.0,,5.0,0.0,0.0,0.0,0.0,0.0
115,240,2018-01-05,20.0,210.0,60.0,60.0,90.0,57.0,,43.0,0.0,0.0,0.0,0.0,9970.0,70.0,1.0,90.0,,5.0,0.0,0.0,0.0,0.0,0.0
116,240,2018-01-05,21.0,210.0,70.0,70.0,100.0,56.0,,41.0,0.0,0.0,0.0,0.0,9976.0,69.0,1.0,89.0,,5.0,0.0,0.0,0.0,0.0,0.0
117,240,2018-01-05,22.0,210.0,70.0,60.0,100.0,58.0,,42.0,0.0,0.0,0.0,0.0,9983.0,68.0,7.0,89.0,,5.0,0.0,0.0,0.0,0.0,0.0
118,240,2018-01-05,23.0,210.0,70.0,70.0,100.0,57.0,,40.0,0.0,0.0,0.0,0.0,9991.0,70.0,8.0,89.0,,5.0,0.0,0.0,0.0,0.0,0.0
119,240,2018-01-05,24.0,220.0,70.0,60.0,100.0,57.0,36,42.0,0.0,0.0,0.0,0.0,10000.0,70.0,8.0,90.0,,5.0,0.0,0.0,0.0,0.0,0.0
120,240,2018-01-06,1.0,240.0,50.0,50.0,80.0,61.0,,45.0,0.0,0.0,0.0,0.0,10007.0,67.0,8.0,89.0,,5.0,0.0,0.0,0.0,0.0,0.0
121,240,2018-01-06,2.0,230.0,50.0,40.0,90.0,58.0,,32.0,0.0,0.0,0.0,0.0,10011.0,70.0,8.0,83.0,,5.0,0.0,0.0,0.0,0.0,0.0
122,240,2018-01-06,3.0,220.0,40.0,40.0,60.0,38.0,,23.0,0.0,0.0,0.0,0.0,10017.0,70.0,8.0,89.0,,5.0,0.0,0.0,0.0,0.0,0.0
123,240,2018-01-06,4.0,250.0,40.0,30.0,60.0,41.0,,24.0,0.0,0.0,0.0,0.0,10020.0,64.0,8.0,88.0,,5.0,0.0,0.0,0.0,0.0,0.0
124,240,2018-01-06,5.0,180.0,30.0,40.0,50.0,31.0,,24.0,0.0,0.0,0.0,0.0,10028.0,64.0,8.0,94.0,,5.0,0.0,0.0,0.0,0.0,0.0
125,240,2018-01-06,6.0,190.0,30.0,20.0,50.0,32.0,11,26.0,0.0,0.0,0.0,0.0,10034.0,61.0,8.0,96.0,,5.0,0.0,0.0,0.0,0.0,0.0
126,240,2018-01-06,7.0,160.0,20.0,20.0,30.0,27.0,,21.0,0.0,0.0,0.0,0.0,10041.0,58.0,8.0,95.0,10,7.0,0.0,0.0,0.0,0.0,0.0
127,240,2018-01-06,8.0,160.0,20.0,20.0,30.0,21.0,,19.0,0.0,0.0,0.0,0.0,10052.0,50.0,8.0,98.0,10,7.0,0.0,0.0,0.0,0.0,0.0
128,240,2018-01-06,9.0,140.0,20.0,10.0,30.0,37.0,,34.0,0.0,8.0,0.0,0.0,10064.0,50.0,8.0,97.0,10,7.0,0.0,0.0,0.0,0.0,0.0
129,240,2018-01-06,10.0,20.0,10.0,10.0,20.0,51.0,,44.0,0.0,16.0,0.0,0.0,10075.0,58.0,8.0,94.0,10,7.0,0.0,0.0,0.0,0.0,0.0
130,240,2018-01-06,11.0,990.0,10.0,10.0,40.0,61.0,,46.0,0.0,29.0,0.0,0.0,10081.0,59.0,8.0,90.0,10,7.0,0.0,0.0,0.0,0.0,0.0
131,240,2018-01-06,12.0,990.0,10.0,10.0,40.0,69.0,1,49.0,0.0,44.0,0.0,0.0,10087.0,62.0,8.0,86.0,,5.0,0.0,0.0,0.0,0.0,0.0
132,240,2018-01-06,13.0,20.0,20.0,30.0,50.0,68.0,,43.0,0.0,40.0,0.0,0.0,10094.0,70.0,8.0,84.0,,5.0,0.0,0.0,0.0,0.0,0.0
133,240,2018-01-06,14.0,30.0,40.0,50.0,70.0,68.0,,44.0,0.0,28.0,0.0,0.0,10102.0,70.0,8.0,85.0,,5.0,0.0,0.0,0.0,0.0,0.0
134,240,2018-01-06,15.0,20.0,50.0,60.0,80.0,61.0,,35.0,2.0,14.0,0.0,0.0,10111.0,70.0,8.0,83.0,,5.0,0.0,0.0,0.0,0.0,0.0
135,240,2018-01-06,16.0,30.0,60.0,60.0,100.0,57.0,,28.0,0.0,3.0,0.0,0.0,10122.0,70.0,8.0,81.0,,5.0,0.0,0.0,0.0,0.0,0.0
136,240,2018-01-06,17.0,40.0,60.0,60.0,110.0,49.0,,19.0,0.0,0.0,0.0,0.0,10133.0,75.0,8.0,80.0,,5.0,0.0,0.0,0.0,0.0,0.0
137,240,2018-01-06,18.0,30.0,50.0,50.0,90.0,48.0,39,18.0,0.0,0.0,0.0,0.0,10146.0,75.0,8.0,80.0,,5.0,0.0,0.0,0.0,0.0,0.0
138,240,2018-01-06,19.0,30.0,50.0,50.0,80.0,45.0,,20.0,0.0,0.0,0.0,0.0,10156.0,70.0,8.0,84.0,,5.0,0.0,0.0,0.0,0.0,0.0
139,240,2018-01-06,20.0,30.0,50.0,40.0,70.0,41.0,,17.0,0.0,0.0,0.0,0.0,10167.0,70.0,8.0,84.0,,5.0,0.0,0.0,0.0,0.0,0.0
140,240,2018-01-06,21.0,40.0,40.0,40.0,70.0,36.0,,17.0,0.0,0.0,0.0,0.0,10179.0,70.0,8.0,87.0,,5.0,0.0,0.0,0.0,0.0,0.0
141,240,2018-01-06,22.0,40.0,40.0,40.0,60.0,37.0,,16.0,0.0,0.0,0.0,0.0,10187.0,70.0,8.0,85.0,,5.0,0.0,0.0,0.0,0.0,0.0
142,240,2018-01-06,23.0,30.0,40.0,30.0,70.0,33.0,,12.0,0.0,0.0,0.0,0.0,10195.0,70.0,8.0,86.0,,5.0,0.0,0.0,0.0,0.0,0.0
143,240,2018-01-06,24.0,30.0,40.0,40.0,60.0,38.0,22,25.0,0.0,0.0,0.0,0.0,10203.0,65.0,7.0,91.0,,5.0,0.0,0.0,0.0,0.0,0.0
144,240,2018-01-07,1.0,60.0,70.0,90.0,120.0,31.0,,7.0,0.0,0.0,0.0,0.0,10211.0,70.0,8.0,84.0,,5.0,0.0,0.0,0.0,0.0,0.0
145,240,2018-01-07,2.0,50.0,90.0,80.0,140.0,27.0,,-2.0,0.0,0.0,0.0,0.0,10221.0,70.0,8.0,81.0,,5.0,0.0,0.0,0.0,0.0,0.0
146,240,2018-01-07,3.0,50.0,80.0,70.0,130.0,27.0,,-3.0,0.0,0.0,0.0,0.0,10229.0,75.0,8.0,80.0,,5.0,0.0,0.0,0.0,0.0,0.0
147,240,2018-01-07,4.0,50.0,80.0,80.0,120.0,24.0,,-4.0,0.0,0.0,0.0,0.0,10237.0,70.0,8.0,81.0,,5.0,0.0,0.0,0.0,0.0,0.0
148,240,2018-01-07,5.0,40.0,80.0,80.0,120.0,19.0,,-11.0,0.0,0.0,0.0,0.0,10242.0,75.0,8.0,80.0,,5.0,0.0,0.0,0.0,0.0,0.0
149,240,2018-01-07,6.0,50.0,70.0,80.0,120.0,19.0,10,-10.0,0.0,0.0,0.0,0.0,10253.0,75.0,5.0,80.0,,5.0,0.0,0.0,0.0,0.0,0.0
150,240,2018-01-07,7.0,50.0,90.0,90.0,130.0,14.0,,-14.0,0.0,0.0,0.0,0.0,10260.0,70.0,4.0,81.0,,5.0,0.0,0.0,0.0,0.0,0.0
151,240,2018-01-07,8.0,50.0,90.0,90.0,140.0,13.0,,-17.0,0.0,0.0,0.0,0.0,10273.0,75.0,0.0,80.0,,5.0,0.0,0.0,0.0,0.0,0.0
152,240,2018-01-07,9.0,50.0,80.0,80.0,130.0,14.0,,-19.0,5.0,14.0,0.0,0.0,10277.0,75.0,0.0,78.0,,5.0,0.0,0.0,0.0,0.0,0.0
153,240,2018-01-07,10.0,50.0,80.0,90.0,130.0,18.0,,-17.0,10.0,50.0,0.0,0.0,10284.0,75.0,0.0,77.0,,5.0,0.0,0.0,0.0,0.0,0.0
154,240,2018-01-07,11.0,60.0,90.0,90.0,130.0,21.0,,-19.0,10.0,76.0,0.0,0.0,10286.0,75.0,0.0,74.0,,5.0,0.0,0.0,0.0,0.0,0.0
155,240,2018-01-07,12.0,50.0,90.0,90.0,130.0,25.0,4,-16.0,10.0,89.0,0.0,0.0,10284.0,75.0,0.0,74.0,,5.0,0.0,0.0,0.0,0.0,0.0
156,240,2018-01-07,13.0,50.0,90.0,90.0,140.0,25.0,,-17.0,10.0,86.0,0.0,0.0,10282.0,75.0,0.0,74.0,,5.0,0.0,0.0,0.0,0.0,0.0
157,240,2018-01-07,14.0,50.0,80.0,80.0,130.0,23.0,,-19.0,10.0,67.0,0.0,0.0,10278.0,75.0,0.0,73.0,,5.0,0.0,0.0,0.0,0.0,0.0
158,240,2018-01-07,15.0,50.0,90.0,90.0,130.0,21.0,,-20.0,10.0,36.0,0.0,0.0,10279.0,75.0,0.0,74.0,,5.0,0.0,0.0,0.0,0.0,0.0
159,240,2018-01-07,16.0,50.0,90.0,80.0,130.0,16.0,,-23.0,0.0,7.0,0.0,0.0,10283.0,75.0,0.0,75.0,,5.0,0.0,0.0,0.0,0.0,0.0
160,240,2018-01-07,17.0,60.0,90.0,90.0,130.0,13.0,,-27.0,0.0,0.0,0.0,0.0,10284.0,75.0,0.0,75.0,,5.0,0.0,0.0,0.0,0.0,0.0
161,240,2018-01-07,18.0,60.0,90.0,90.0,130.0,11.0,1,-28.0,0.0,0.0,0.0,0.0,10288.0,75.0,0.0,74.0,,5.0,0.0,0.0,0.0,0.0,0.0
162,240,2018-01-07,19.0,60.0,90.0,80.0,140.0,6.0,,-33.0,0.0,0.0,0.0,0.0,10289.0,75.0,0.0,75.0,,5.0,0.0,0.0,0.0,0.0,0.0
163,240,2018-01-07,20.0,70.0,100.0,100.0,140.0,2.0,,-39.0,0.0,0.0,0.0,0.0,10288.0,75.0,0.0,73.0,,5.0,0.0,0.0,0.0,0.0,0.0
164,240,2018-01-07,21.0,60.0,90.0,90.0,130.0,1.0,,-41.0,0.0,0.0,0.0,0.0,10290.0,75.0,0.0,73.0,,5.0,0.0,0.0,0.0,0.0,0.0
165,240,2018-01-07,22.0,70.0,90.0,90.0,150.0,-1.0,,-40.0,0.0,0.0,0.0,0.0,10290.0,75.0,0.0,74.0,,5.0,0.0,0.0,0.0,0.0,0.0
166,240,2018-01-07,23.0,60.0,80.0,70.0,130.0,-4.0,,-39.0,0.0,0.0,0.0,0.0,10288.0,75.0,0.0,77.0,,5.0,0.0,0.0,0.0,0.0,0.0
167,240,2018-01-07,24.0,70.0,80.0,70.0,110.0,-8.0,-16,-41.0,0.0,0.0,0.0,0.0,10287.0,75.0,0.0,78.0,,5.0,0.0,0.0,0.0,0.0,0.0
168,240,2018-01-08,1.0,70.0,70.0,70.0,110.0,-8.0,,-40.0,0.0,0.0,0.0,0.0,10281.0,75.0,0.0,78.0,,5.0,0.0,0.0,0.0,0.0,0.0
169,240,2018-01-08,2.0,70.0,70.0,70.0,110.0,-9.0,,-41.0,0.0,0.0,0.0,0.0,10279.0,75.0,0.0,78.0,,5.0,0.0,0.0,0.0,0.0,0.0
170,240,2018-01-08,3.0,70.0,70.0,70.0,110.0,-11.0,,-41.0,0.0,0.0,0.0,0.0,10277.0,75.0,0.0,79.0,,5.0,0.0,0.0,0.0,0.0,0.0
171,240,2018-01-08,4.0,70.0,70.0,80.0,110.0,-11.0,,-41.0,0.0,0.0,0.0,0.0,10275.0,75.0,0.0,79.0,,5.0,0.0,0.0,0.0,0.0,0.0
172,240,2018-01-08,5.0,70.0,80.0,90.0,120.0,-9.0,,-39.0,0.0,0.0,0.0,0.0,10271.0,75.0,7.0,79.0,,5.0,0.0,0.0,0.0,0.0,0.0
173,240,2018-01-08,6.0,70.0,80.0,80.0,130.0,-6.0,-19,-35.0,0.0,0.0,0.0,0.0,10267.0,75.0,8.0,80.0,,5.0,0.0,0.0,0.0,0.0,0.0
174,240,2018-01-08,7.0,70.0,80.0,80.0,120.0,-4.0,,-33.0,0.0,0.0,0.0,0.0,10267.0,75.0,8.0,80.0,,5.0,0.0,0.0,0.0,0.0,0.0
175,240,2018-01-08,8.0,80.0,70.0,70.0,110.0,-2.0,,-31.0,0.0,0.0,0.0,0.0,10265.0,75.0,8.0,80.0,,5.0,0.0,0.0,0.0,0.0,0.0
176,240,2018-01-08,9.0,70.0,70.0,70.0,110.0,1.0,,-28.0,7.0,15.0,0.0,0.0,10262.0,75.0,0.0,80.0,,5.0,0.0,0.0,0.0,0.0,0.0
177,240,2018-01-08,10.0,70.0,70.0,70.0,110.0,8.0,,-25.0,10.0,45.0,0.0,0.0,10263.0,75.0,0.0,78.0,,5.0,0.0,0.0,0.0,0.0,0.0
178,240,2018-01-08,11.0,80.0,70.0,80.0,110.0,14.0,,-23.0,10.0,68.0,0.0,0.0,10252.0,75.0,0.0,76.0,,5.0,0.0,0.0,0.0,0.0,0.0
179,240,2018-01-08,12.0,80.0,70.0,70.0,110.0,24.0,-9,-16.0,10.0,81.0,0.0,0.0,10242.0,75.0,0.0,74.0,,5.0,0.0,0.0,0.0,0.0,0.0
180,240,2018-01-08,13.0,90.0,70.0,60.0,110.0,32.0,,-14.0,10.0,78.0,0.0,0.0,10235.0,75.0,0.0,72.0,,5.0,0.0,0.0,0.0,0.0,0.0
181,240,2018-01-08,14.0,80.0,70.0,70.0,100.0,34.0,,-13.0,10.0,61.0,0.0,0.0,10228.0,75.0,0.0,70.0,,5.0,0.0,0.0,0.0,0.0,0.0
182,240,2018-01-08,15.0,70.0,70.0,60.0,110.0,31.0,,-16.0,10.0,32.0,0.0,0.0,10225.0,75.0,0.0,71.0,,5.0,0.0,0.0,0.0,0.0,0.0
183,240,2018-01-08,16.0,80.0,60.0,60.0,100.0,28.0,,-17.0,0.0,5.0,0.0,0.0,10219.0,75.0,0.0,72.0,,5.0,0.0,0.0,0.0,0.0,0.0
184,240,2018-01-08,17.0,80.0,70.0,70.0,100.0,19.0,,-23.0,0.0,0.0,0.0,0.0,10215.0,75.0,1.0,73.0,,5.0,0.0,0.0,0.0,0.0,0.0
185,240,2018-01-08,18.0,80.0,60.0,60.0,100.0,16.0,7,-30.0,0.0,0.0,0.0,0.0,10216.0,75.0,8.0,71.0,,5.0,0.0,0.0,0.0,0.0,0.0
186,240,2018-01-08,19.0,80.0,50.0,50.0,90.0,14.0,,-29.0,0.0,0.0,0.0,0.0,10213.0,75.0,6.0,72.0,,5.0,0.0,0.0,0.0,0.0,0.0
187,240,2018-01-08,20.0,80.0,60.0,60.0,90.0,13.0,,-31.0,0.0,0.0,0.0,0.0,10205.0,75.0,8.0,72.0,,5.0,0.0,0.0,0.0,0.0,0.0
188,240,2018-01-08,21.0,80.0,60.0,60.0,90.0,11.0,,-29.0,0.0,0.0,0.0,0.0,10197.0,75.0,8.0,74.0,,5.0,0.0,0.0,0.0,0.0,0.0
189,240,2018-01-08,22.0,80.0,60.0,60.0,100.0,10.0,,-27.0,0.0,0.0,0.0,0.0,10192.0,75.0,8.0,76.0,,5.0,0.0,0.0,0.0,0.0,0.0
190,240,2018-01-08,23.0,80.0,50.0,50.0,90.0,8.0,,-24.0,0.0,0.0,0.0,0.0,10187.0,75.0,8.0,79.0,,5.0,0.0,0.0,0.0,0.0,0.0
191,240,2018-01-08,24.0,90.0,50.0,60.0,80.0,9.0,-2,-19.0,0.0,0.0,0.0,0.0,10176.0,70.0,8.0,81.0,,5.0,0.0,0.0,0.0,0.0,0.0
192,240,2018-01-09,1.0,80.0,60.0,60.0,90.0,9.0,,-16.0,0.0,0.0,0.0,0.0,10165.0,68.0,2.0,83.0,,5.0,0.0,0.0,0.0,0.0,0.0
193,240,2018-01-09,2.0,80.0,60.0,60.0,90.0,9.0,,-15.0,0.0,0.0,0.0,0.0,10155.0,70.0,8.0,83.0,,5.0,0.0,0.0,0.0,0.0,0.0
194,240,2018-01-09,3.0,80.0,60.0,60.0,100.0,7.0,,-18.0,0.0,0.0,0.0,0.0,10144.0,70.0,8.0,83.0,,5.0,0.0,0.0,0.0,0.0,0.0
195,240,2018-01-09,4.0,80.0,40.0,40.0,90.0,-3.0,,-23.0,0.0,0.0,0.0,0.0,10147.0,70.0,8.0,86.0,,5.0,0.0,0.0,0.0,0.0,0.0
196,240,2018-01-09,5.0,80.0,40.0,50.0,70.0,2.0,,-18.0,0.0,0.0,0.0,0.0,10138.0,70.0,8.0,86.0,,5.0,0.0,0.0,0.0,0.0,0.0
197,240,2018-01-09,6.0,70.0,50.0,60.0,80.0,6.0,-13,-14.0,0.0,0.0,0.0,0.0,10127.0,68.0,8.0,86.0,,5.0,0.0,0.0,0.0,0.0,0.0
198,240,2018-01-09,7.0,80.0,60.0,60.0,100.0,6.0,,-13.0,0.0,0.0,0.0,0.0,10119.0,65.0,8.0,87.0,,5.0,0.0,0.0,0.0,0.0,0.0
199,240,2018-01-09,8.0,80.0,50.0,50.0,80.0,2.0,,-14.0,0.0,0.0,0.0,0.0,10113.0,64.0,8.0,88.0,,5.0,0.0,0.0,0.0,0.0,0.0
200,240,2018-01-09,9.0,100.0,40.0,40.0,60.0,7.0,,-9.0,0.0,9.0,0.0,0.0,10108.0,62.0,8.0,88.0,,5.0,0.0,0.0,0.0,0.0,0.0
201,240,2018-01-09,10.0,90.0,50.0,40.0,70.0,11.0,,-5.0,0.0,21.0,0.0,0.0,10108.0,62.0,8.0,89.0,,5.0,0.0,0.0,0.0,0.0,0.0
202,240,2018-01-09,11.0,110.0,40.0,40.0,60.0,19.0,,2.0,0.0,37.0,0.0,0.0,10096.0,61.0,8.0,88.0,,5.0,0.0,0.0,0.0,0.0,0.0
203,240,2018-01-09,12.0,120.0,50.0,40.0,70.0,29.0,-5,11.0,7.0,63.0,0.0,0.0,10092.0,61.0,8.0,87.0,,5.0,0.0,0.0,0.0,0.0,0.0
204,240,2018-01-09,13.0,120.0,30.0,30.0,60.0,27.0,,12.0,2.0,40.0,0.0,0.0,10087.0,60.0,8.0,90.0,,5.0,0.0,0.0,0.0,0.0,0.0
205,240,2018-01-09,14.0,120.0,30.0,40.0,50.0,35.0,,19.0,0.0,27.0,0.0,0.0,10083.0,60.0,8.0,88.0,,5.0,0.0,0.0,0.0,0.0,0.0
206,240,2018-01-09,15.0,120.0,30.0,30.0,50.0,41.0,,25.0,0.0,8.0,0.0,0.0,10080.0,60.0,8.0,89.0,,5.0,0.0,0.0,0.0,0.0,0.0
207,240,2018-01-09,16.0,140.0,40.0,40.0,60.0,45.0,,26.0,0.0,2.0,0.0,0.0,10079.0,62.0,8.0,88.0,,5.0,0.0,0.0,0.0,0.0,0.0
208,240,2018-01-09,17.0,140.0,40.0,40.0,50.0,48.0,,29.0,0.0,0.0,0.0,0.0,10082.0,61.0,8.0,87.0,,5.0,0.0,0.0,0.0,0.0,0.0
209,240,2018-01-09,18.0,150.0,40.0,40.0,60.0,50.0,25,32.0,0.0,0.0,0.0,0.0,10080.0,61.0,8.0,88.0,,5.0,0.0,0.0,0.0,0.0,0.0
210,240,2018-01-09,19.0,160.0,40.0,30.0,60.0,50.0,,33.0,0.0,0.0,0.0,0.0,10081.0,61.0,8.0,88.0,,5.0,0.0,0.0,0.0,0.0,0.0
211,240,2018-01-09,20.0,160.0,40.0,40.0,60.0,52.0,,38.0,0.0,0.0,0.0,0.0,10082.0,59.0,8.0,90.0,10,7.0,0.0,0.0,0.0,0.0,0.0
212,240,2018-01-09,21.0,170.0,50.0,50.0,70.0,55.0,,43.0,0.0,0.0,0.0,0.0,10082.0,57.0,8.0,91.0,10,7.0,0.0,0.0,0.0,0.0,0.0
213,240,2018-01-09,22.0,180.0,50.0,40.0,70.0,55.0,,46.0,0.0,0.0,0.0,0.0,10081.0,56.0,8.0,93.0,10,7.0,0.0,0.0,0.0,0.0,0.0
214,240,2018-01-09,23.0,180.0,30.0,30.0,60.0,55.0,,45.0,0.0,0.0,0.0,0.0,10080.0,57.0,8.0,93.0,10,7.0,0.0,0.0,0.0,0.0,0.0
215,240,2018-01-09,24.0,170.0,30.0,30.0,50.0,55.0,47,46.0,0.0,0.0,0.0,0.0,10079.0,57.0,8.0,93.0,10,7.0,0.0,0.0,0.0,0.0,0.0
216,240,2018-01-10,1.0,140.0,20.0,20.0,40.0,56.0,,48.0,0.0,0.0,0.0,0.0,10076.0,58.0,8.0,94.0,10,7.0,0.0,0.0,0.0,0.0,0.0
217,240,2018-01-10,2.0,100.0,20.0,20.0,30.0,55.0,,47.0,0.0,0.0,0.0,0.0,10075.0,57.0,8.0,94.0,10,7.0,0.0,0.0,0.0,0.0,0.0
218,240,2018-01-10,3.0,140.0,30.0,40.0,50.0,61.0,,52.0,0.0,0.0,0.0,0.0,10072.0,58.0,8.0,93.0,10,7.0,0.0,0.0,0.0,0.0,0.0
219,240,2018-01-10,4.0,130.0,30.0,40.0,50.0,62.0,,54.0,0.0,0.0,0.0,0.0,10070.0,58.0,8.0,94.0,10,7.0,0.0,0.0,0.0,0.0,0.0
220,240,2018-01-10,5.0,140.0,40.0,40.0,60.0,64.0,,55.0,0.0,0.0,0.0,0.0,10069.0,59.0,8.0,93.0,10,7.0,0.0,0.0,0.0,0.0,0.0
221,240,2018-01-10,6.0,140.0,40.0,40.0,60.0,65.0,52,57.0,0.0,0.0,0.0,-1.0,10067.0,59.0,8.0,94.0,81,7.0,0.0,1.0,0.0,0.0,0.0
222,240,2018-01-10,7.0,150.0,40.0,40.0,60.0,68.0,,60.0,0.0,0.0,0.0,-1.0,10067.0,59.0,8.0,94.0,23,7.0,0.0,1.0,0.0,0.0,0.0
223,240,2018-01-10,8.0,150.0,40.0,40.0,60.0,69.0,,63.0,0.0,0.0,0.0,0.0,10069.0,58.0,8.0,96.0,10,7.0,0.0,0.0,0.0,0.0,0.0
224,240,2018-01-10,9.0,160.0,40.0,40.0,70.0,71.0,,64.0,0.0,4.0,0.0,0.0,10072.0,63.0,8.0,95.0,2,7.0,0.0,0.0,0.0,0.0,0.0
225,240,2018-01-10,10.0,160.0,40.0,40.0,70.0,72.0,,65.0,0.0,8.0,0.0,0.0,10073.0,59.0,8.0,95.0,10,7.0,0.0,0.0,0.0,0.0,0.0
226,240,2018-01-10,11.0,160.0,40.0,40.0,60.0,73.0,,67.0,0.0,10.0,0.0,0.0,10071.0,60.0,8.0,96.0,,5.0,0.0,0.0,0.0,0.0,0.0
227,240,2018-01-10,12.0,170.0,40.0,40.0,60.0,73.0,63,67.0,0.0,11.0,8.0,2.0,10066.0,59.0,8.0,95.0,81,7.0,0.0,1.0,0.0,0.0,0.0
228,240,2018-01-10,13.0,170.0,50.0,50.0,70.0,73.0,,67.0,0.0,12.0,9.0,4.0,10063.0,57.0,8.0,96.0,51,7.0,0.0,1.0,0.0,0.0,0.0
229,240,2018-01-10,14.0,170.0,40.0,40.0,70.0,73.0,,69.0,0.0,13.0,0.0,-1.0,10065.0,58.0,8.0,97.0,22,7.0,0.0,1.0,0.0,0.0,0.0
230,240,2018-01-10,15.0,160.0,40.0,40.0,60.0,72.0,,67.0,0.0,7.0,0.0,-1.0,10067.0,58.0,8.0,96.0,51,7.0,0.0,1.0,0.0,0.0,0.0
231,240,2018-01-10,16.0,160.0,40.0,40.0,60.0,72.0,,67.0,0.0,2.0,0.0,-1.0,10073.0,58.0,8.0,96.0,23,7.0,0.0,1.0,0.0,0.0,0.0
232,240,2018-01-10,17.0,170.0,40.0,40.0,60.0,73.0,,66.0,0.0,0.0,0.0,0.0,10078.0,59.0,8.0,95.0,10,7.0,0.0,0.0,0.0,0.0,0.0
233,240,2018-01-10,18.0,170.0,40.0,50.0,60.0,72.0,69,66.0,0.0,0.0,0.0,0.0,10083.0,58.0,8.0,96.0,10,7.0,0.0,0.0,0.0,0.0,0.0
234,240,2018-01-10,19.0,170.0,40.0,40.0,60.0,71.0,,66.0,0.0,0.0,0.0,0.0,10087.0,58.0,8.0,96.0,10,7.0,0.0,0.0,0.0,0.0,0.0
235,240,2018-01-10,20.0,160.0,30.0,30.0,50.0,67.0,,63.0,0.0,0.0,0.0,0.0,10090.0,58.0,8.0,96.0,10,7.0,0.0,0.0,0.0,0.0,0.0
236,240,2018-01-10,21.0,140.0,30.0,20.0,40.0,63.0,,60.0,0.0,0.0,0.0,0.0,10093.0,56.0,8.0,97.0,10,7.0,0.0,0.0,0.0,0.0,0.0
237,240,2018-01-10,22.0,140.0,30.0,40.0,50.0,62.0,,58.0,0.0,0.0,0.0,0.0,10096.0,58.0,8.0,97.0,10,7.0,0.0,0.0,0.0,0.0,0.0
238,240,2018-01-10,23.0,140.0,30.0,40.0,50.0,65.0,,60.0,0.0,0.0,0.0,0.0,10099.0,58.0,8.0,96.0,10,7.0,0.0,0.0,0.0,0.0,0.0
239,240,2018-01-10,24.0,150.0,30.0,20.0,50.0,66.0,45,61.0,0.0,0.0,0.0,0.0,10102.0,56.0,8.0,97.0,10,7.0,0.0,0.0,0.0,0.0,0.0
240,240,2018-01-11,1.0,120.0,20.0,30.0,40.0,57.0,,54.0,0.0,0.0,0.0,0.0,10106.0,50.0,8.0,97.0,10,7.0,0.0,0.0,0.0,0.0,0.0
241,240,2018-01-11,2.0,140.0,30.0,30.0,40.0,66.0,,62.0,0.0,0.0,0.0,0.0,10113.0,50.0,8.0,97.0,10,7.0,0.0,0.0,0.0,0.0,0.0
242,240,2018-01-11,3.0,140.0,30.0,20.0,40.0,60.0,,57.0,0.0,0.0,0.0,0.0,10116.0,50.0,8.0,97.0,10,7.0,0.0,0.0,0.0,0.0,0.0
243,240,2018-01-11,4.0,140.0,10.0,10.0,20.0,61.0,,58.0,0.0,0.0,0.0,0.0,10123.0,50.0,8.0,97.0,10,7.0,0.0,0.0,0.0,0.0,0.0
244,240,2018-01-11,5.0,50.0,10.0,10.0,20.0,58.0,,54.0,0.0,0.0,0.0,0.0,10127.0,47.0,8.0,96.0,10,7.0,0.0,0.0,0.0,0.0,0.0
245,240,2018-01-11,6.0,90.0,20.0,20.0,30.0,39.0,15,36.0,0.0,0.0,0.0,0.0,10135.0,30.0,8.0,98.0,10,7.0,0.0,0.0,0.0,0.0,0.0
246,240,2018-01-11,7.0,90.0,20.0,20.0,40.0,58.0,,54.0,0.0,0.0,0.0,0.0,10145.0,36.0,8.0,97.0,10,7.0,0.0,0.0,0.0,0.0,0.0
247,240,2018-01-11,8.0,110.0,20.0,20.0,60.0,60.0,,53.0,0.0,0.0,0.0,0.0,10154.0,41.0,8.0,95.0,10,7.0,0.0,0.0,0.0,0.0,0.0
248,240,2018-01-11,9.0,90.0,20.0,10.0,40.0,60.0,,56.0,0.0,5.0,0.0,0.0,10164.0,28.0,8.0,97.0,10,7.0,0.0,0.0,0.0,0.0,0.0
249,240,2018-01-11,10.0,990.0,10.0,10.0,30.0,63.0,,61.0,0.0,9.0,0.0,0.0,10173.0,26.0,8.0,98.0,10,7.0,0.0,0.0,0.0,0.0,0.0
250,240,2018-01-11,11.0,310.0,10.0,20.0,70.0,69.0,,60.0,0.0,22.0,0.0,0.0,10177.0,32.0,8.0,93.0,10,7.0,0.0,0.0,0.0,0.0,0.0
251,240,2018-01-11,12.0,330.0,20.0,30.0,90.0,70.0,14,63.0,0.0,22.0,0.0,0.0,10179.0,24.0,8.0,95.0,10,7.0,0.0,0.0,0.0,0.0,0.0
252,240,2018-01-11,13.0,20.0,20.0,30.0,60.0,70.0,,61.0,0.0,22.0,0.0,0.0,10184.0,26.0,8.0,93.0,10,7.0,0.0,0.0,0.0,0.0,0.0
253,240,2018-01-11,14.0,20.0,30.0,30.0,60.0,67.0,,61.0,0.0,15.0,0.0,0.0,10191.0,25.0,8.0,96.0,10,7.0,0.0,0.0,0.0,0.0,0.0
254,240,2018-01-11,15.0,360.0,20.0,10.0,50.0,67.0,,61.0,0.0,7.0,0.0,0.0,10198.0,30.0,8.0,96.0,10,7.0,0.0,0.0,0.0,0.0,0.0
255,240,2018-01-11,16.0,10.0,20.0,20.0,30.0,66.0,,61.0,0.0,2.0,0.0,0.0,10205.0,25.0,8.0,96.0,10,7.0,0.0,0.0,0.0,0.0,0.0
256,240,2018-01-11,17.0,360.0,20.0,30.0,50.0,64.0,,59.0,0.0,0.0,0.0,0.0,10212.0,34.0,8.0,96.0,10,7.0,0.0,0.0,0.0,0.0,0.0
257,240,2018-01-11,18.0,340.0,20.0,20.0,40.0,61.0,60,57.0,0.0,0.0,0.0,0.0,10216.0,34.0,8.0,97.0,10,7.0,0.0,0.0,0.0,0.0,0.0
258,240,2018-01-11,19.0,360.0,30.0,30.0,40.0,60.0,,56.0,0.0,0.0,0.0,0.0,10225.0,28.0,8.0,97.0,10,7.0,0.0,0.0,0.0,0.0,0.0
259,240,2018-01-11,20.0,10.0,30.0,20.0,50.0,58.0,,53.0,0.0,0.0,0.0,0.0,10231.0,31.0,8.0,96.0,10,7.0,0.0,0.0,0.0,0.0,0.0
260,240,2018-01-11,21.0,360.0,20.0,10.0,80.0,59.0,,55.0,0.0,0.0,0.0,0.0,10235.0,22.0,8.0,97.0,10,7.0,0.0,0.0,0.0,0.0,0.0
261,240,2018-01-11,22.0,310.0,20.0,20.0,40.0,55.0,,52.0,0.0,0.0,0.0,0.0,10238.0,17.0,8.0,97.0,10,7.0,0.0,0.0,0.0,0.0,0.0
262,240,2018-01-11,23.0,320.0,20.0,20.0,30.0,53.0,,49.0,0.0,0.0,0.0,0.0,10243.0,21.0,8.0,97.0,10,7.0,0.0,0.0,0.0,0.0,0.0
263,240,2018-01-11,24.0,340.0,20.0,20.0,30.0,54.0,46,51.0,0.0,0.0,0.0,0.0,10247.0,31.0,8.0,97.0,10,7.0,0.0,0.0,0.0,0.0,0.0
264,240,2018-01-12,1.0,350.0,20.0,20.0,30.0,54.0,,48.0,0.0,0.0,0.0,0.0,10247.0,43.0,8.0,96.0,10,7.0,0.0,0.0,0.0,0.0,0.0
265,240,2018-01-12,2.0,330.0,20.0,20.0,30.0,52.0,,48.0,0.0,0.0,0.0,0.0,10252.0,33.0,8.0,97.0,10,7.0,0.0,0.0,0.0,0.0,0.0
266,240,2018-01-12,3.0,10.0,20.0,20.0,30.0,51.0,,49.0,0.0,0.0,0.0,0.0,10252.0,33.0,8.0,98.0,10,7.0,0.0,0.0,0.0,0.0,0.0
267,240,2018-01-12,4.0,30.0,30.0,30.0,50.0,53.0,,49.0,0.0,0.0,0.0,0.0,10253.0,31.0,8.0,97.0,10,7.0,0.0,0.0,0.0,0.0,0.0
268,240,2018-01-12,5.0,10.0,20.0,20.0,40.0,53.0,,51.0,0.0,0.0,0.0,0.0,10255.0,29.0,8.0,98.0,10,7.0,0.0,0.0,0.0,0.0,0.0
269,240,2018-01-12,6.0,20.0,20.0,20.0,40.0,54.0,46,51.0,0.0,0.0,0.0,0.0,10257.0,24.0,8.0,98.0,10,7.0,0.0,0.0,0.0,0.0,0.0
270,240,2018-01-12,7.0,20.0,20.0,20.0,40.0,53.0,,51.0,0.0,0.0,0.0,0.0,10261.0,21.0,8.0,98.0,10,7.0,0.0,0.0,0.0,0.0,0.0
271,240,2018-01-12,8.0,10.0,20.0,20.0,40.0,53.0,,50.0,0.0,0.0,0.0,0.0,10266.0,25.0,8.0,97.0,10,7.0,0.0,0.0,0.0,0.0,0.0
272,240,2018-01-12,9.0,40.0,20.0,30.0,60.0,56.0,,46.0,0.0,3.0,0.0,0.0,10269.0,56.0,8.0,93.0,10,7.0,0.0,0.0,0.0,0.0,0.0
273,240,2018-01-12,10.0,50.0,20.0,20.0,60.0,60.0,,43.0,0.0,13.0,0.0,0.0,10271.0,57.0,8.0,89.0,10,7.0,0.0,0.0,0.0,0.0,0.0
274,240,2018-01-12,11.0,20.0,30.0,20.0,60.0,61.0,,47.0,0.0,23.0,0.0,0.0,10272.0,57.0,8.0,90.0,10,7.0,0.0,0.0,0.0,0.0,0.0
275,240,2018-01-12,12.0,60.0,20.0,30.0,100.0,60.0,51,46.0,0.0,18.0,0.0,0.0,10267.0,57.0,8.0,90.0,10,7.0,0.0,0.0,0.0,0.0,0.0
276,240,2018-01-12,13.0,80.0,30.0,30.0,50.0,54.0,,44.0,0.0,15.0,0.0,0.0,10265.0,57.0,8.0,93.0,10,7.0,0.0,0.0,0.0,0.0,0.0
277,240,2018-01-12,14.0,40.0,20.0,20.0,60.0,57.0,,36.0,0.0,28.0,0.0,0.0,10265.0,70.0,8.0,86.0,,5.0,0.0,0.0,0.0,0.0,0.0
278,240,2018-01-12,15.0,60.0,10.0,20.0,40.0,54.0,,38.0,0.0,13.0,0.0,0.0,10266.0,70.0,8.0,89.0,,5.0,0.0,0.0,0.0,0.0,0.0
279,240,2018-01-12,16.0,60.0,20.0,20.0,30.0,46.0,,31.0,0.0,3.0,0.0,0.0,10267.0,70.0,8.0,89.0,,5.0,0.0,0.0,0.0,0.0,0.0
280,240,2018-01-12,17.0,70.0,20.0,20.0,30.0,40.0,,30.0,0.0,0.0,0.0,0.0,10268.0,65.0,8.0,93.0,,5.0,0.0,0.0,0.0,0.0,0.0
281,240,2018-01-12,18.0,90.0,20.0,20.0,30.0,42.0,35,32.0,0.0,0.0,0.0,0.0,10268.0,64.0,8.0,93.0,,5.0,0.0,0.0,0.0,0.0,0.0
282,240,2018-01-12,19.0,90.0,20.0,20.0,30.0,42.0,,34.0,0.0,0.0,0.0,0.0,10270.0,64.0,8.0,94.0,,5.0,0.0,0.0,0.0,0.0,0.0
283,240,2018-01-12,20.0,70.0,10.0,10.0,30.0,39.0,,29.0,0.0,0.0,0.0,0.0,10272.0,64.0,8.0,93.0,,5.0,0.0,0.0,0.0,0.0,0.0
284,240,2018-01-12,21.0,70.0,10.0,20.0,20.0,39.0,,31.0,0.0,0.0,0.0,0.0,10272.0,61.0,8.0,94.0,,5.0,0.0,0.0,0.0,0.0,0.0
285,240,2018-01-12,22.0,110.0,10.0,20.0,20.0,45.0,,39.0,0.0,0.0,0.0,0.0,10271.0,57.0,8.0,95.0,10,7.0,0.0,0.0,0.0,0.0,0.0
286,240,2018-01-12,23.0,100.0,20.0,20.0,20.0,46.0,,41.0,0.0,0.0,0.0,0.0,10268.0,56.0,8.0,96.0,10,7.0,0.0,0.0,0.0,0.0,0.0
287,240,2018-01-12,24.0,110.0,20.0,20.0,30.0,45.0,30,41.0,0.0,0.0,0.0,0.0,10265.0,56.0,8.0,97.0,10,7.0,0.0,0.0,0.0,0.0,0.0
288,240,2018-01-13,1.0,100.0,30.0,40.0,50.0,42.0,,35.0,0.0,0.0,0.0,0.0,10262.0,50.0,8.0,95.0,10,7.0,0.0,0.0,0.0,0.0,0.0
289,240,2018-01-13,2.0,120.0,40.0,50.0,60.0,41.0,,31.0,0.0,0.0,0.0,0.0,10264.0,59.0,8.0,93.0,10,7.0,0.0,0.0,0.0,0.0,0.0
290,240,2018-01-13,3.0,120.0,40.0,40.0,60.0,42.0,,33.0,0.0,0.0,0.0,0.0,10260.0,59.0,8.0,94.0,10,7.0,0.0,0.0,0.0,0.0,0.0
291,240,2018-01-13,4.0,120.0,30.0,30.0,50.0,41.0,,31.0,0.0,0.0,0.0,0.0,10257.0,59.0,8.0,93.0,10,7.0,0.0,0.0,0.0,0.0,0.0
292,240,2018-01-13,5.0,110.0,30.0,30.0,40.0,38.0,,29.0,0.0,0.0,0.0,0.0,10253.0,59.0,8.0,94.0,10,7.0,0.0,0.0,0.0,0.0,0.0
293,240,2018-01-13,6.0,110.0,40.0,50.0,70.0,32.0,31,28.0,0.0,0.0,0.0,0.0,10253.0,33.0,8.0,96.0,10,7.0,0.0,0.0,0.0,0.0,0.0
294,240,2018-01-13,7.0,120.0,40.0,30.0,60.0,33.0,,30.0,0.0,0.0,0.0,0.0,10251.0,15.0,8.0,98.0,10,7.0,0.0,0.0,0.0,0.0,0.0
295,240,2018-01-13,8.0,140.0,40.0,30.0,60.0,33.0,,32.0,0.0,0.0,0.0,0.0,10252.0,7.0,9.0,99.0,34,7.0,1.0,0.0,0.0,0.0,0.0
296,240,2018-01-13,9.0,120.0,40.0,40.0,60.0,37.0,,34.0,0.0,4.0,0.0,0.0,10253.0,10.0,8.0,98.0,20,7.0,1.0,0.0,0.0,0.0,0.0
297,240,2018-01-13,10.0,120.0,40.0,50.0,60.0,42.0,,38.0,0.0,12.0,0.0,0.0,10255.0,26.0,8.0,97.0,10,7.0,0.0,0.0,0.0,0.0,0.0
298,240,2018-01-13,11.0,110.0,40.0,40.0,70.0,46.0,,42.0,0.0,19.0,0.0,0.0,10255.0,21.0,8.0,97.0,10,7.0,0.0,0.0,0.0,0.0,0.0
299,240,2018-01-13,12.0,100.0,30.0,30.0,50.0,51.0,32,47.0,0.0,20.0,0.0,0.0,10250.0,18.0,8.0,97.0,10,7.0,0.0,0.0,0.0,0.0,0.0
300,240,2018-01-13,13.0,90.0,30.0,40.0,50.0,58.0,,49.0,0.0,30.0,0.0,0.0,10241.0,24.0,8.0,93.0,10,7.0,0.0,0.0,0.0,0.0,0.0
301,240,2018-01-13,14.0,90.0,40.0,50.0,70.0,61.0,,46.0,0.0,33.0,0.0,0.0,10234.0,36.0,8.0,90.0,10,7.0,0.0,0.0,0.0,0.0,0.0
302,240,2018-01-13,15.0,110.0,40.0,50.0,70.0,60.0,,41.0,0.0,15.0,0.0,0.0,10232.0,56.0,8.0,87.0,10,7.0,0.0,0.0,0.0,0.0,0.0
303,240,2018-01-13,16.0,110.0,50.0,60.0,80.0,58.0,,28.0,0.0,2.0,0.0,0.0,10232.0,60.0,8.0,80.0,,5.0,0.0,0.0,0.0,0.0,0.0
304,240,2018-01-13,17.0,120.0,60.0,50.0,100.0,54.0,,14.0,0.0,0.0,0.0,0.0,10236.0,66.0,8.0,75.0,,5.0,0.0,0.0,0.0,0.0,0.0
305,240,2018-01-13,18.0,110.0,40.0,40.0,70.0,51.0,46,18.0,0.0,0.0,0.0,0.0,10232.0,65.0,8.0,79.0,,5.0,0.0,0.0,0.0,0.0,0.0
306,240,2018-01-13,19.0,110.0,40.0,40.0,70.0,48.0,,13.0,0.0,0.0,0.0,0.0,10233.0,67.0,8.0,77.0,,5.0,0.0,0.0,0.0,0.0,0.0
307,240,2018-01-13,20.0,90.0,30.0,30.0,60.0,31.0,,5.0,0.0,0.0,0.0,0.0,10232.0,63.0,1.0,83.0,,5.0,0.0,0.0,0.0,0.0,0.0
308,240,2018-01-13,21.0,80.0,30.0,30.0,40.0,36.0,,11.0,0.0,0.0,0.0,0.0,10231.0,61.0,8.0,83.0,,5.0,0.0,0.0,0.0,0.0,0.0
309,240,2018-01-13,22.0,100.0,40.0,40.0,60.0,34.0,,9.0,0.0,0.0,0.0,0.0,10230.0,62.0,1.0,83.0,,5.0,0.0,0.0,0.0,0.0,0.0
310,240,2018-01-13,23.0,90.0,40.0,30.0,60.0,38.0,,13.0,0.0,0.0,0.0,0.0,10228.0,61.0,8.0,84.0,,5.0,0.0,0.0,0.0,0.0,0.0
311,240,2018-01-13,24.0,90.0,30.0,30.0,60.0,42.0,10,14.0,0.0,0.0,0.0,0.0,10226.0,62.0,8.0,82.0,,5.0,0.0,0.0,0.0,0.0,0.0
312,240,2018-01-14,1.0,70.0,40.0,40.0,60.0,26.0,,9.0,0.0,0.0,0.0,0.0,10222.0,59.0,7.0,88.0,10,7.0,0.0,0.0,0.0,0.0,0.0
313,240,2018-01-14,2.0,70.0,50.0,50.0,70.0,22.0,,7.0,0.0,0.0,0.0,0.0,10220.0,58.0,6.0,89.0,10,7.0,0.0,0.0,0.0,0.0,0.0
314,240,2018-01-14,3.0,80.0,50.0,50.0,80.0,32.0,,12.0,0.0,0.0,0.0,0.0,10219.0,57.0,8.0,86.0,10,7.0,0.0,0.0,0.0,0.0,0.0
315,240,2018-01-14,4.0,70.0,50.0,50.0,80.0,30.0,,11.0,0.0,0.0,0.0,0.0,10216.0,57.0,8.0,87.0,10,7.0,0.0,0.0,0.0,0.0,0.0
316,240,2018-01-14,5.0,80.0,50.0,50.0,80.0,28.0,,8.0,0.0,0.0,0.0,0.0,10213.0,58.0,8.0,86.0,10,7.0,0.0,0.0,0.0,0.0,0.0
317,240,2018-01-14,6.0,70.0,50.0,50.0,80.0,27.0,13,5.0,0.0,0.0,0.0,0.0,10214.0,59.0,8.0,85.0,10,7.0,0.0,0.0,0.0,0.0,0.0
318,240,2018-01-14,7.0,80.0,60.0,50.0,80.0,24.0,,2.0,0.0,0.0,0.0,0.0,10214.0,60.0,8.0,85.0,,5.0,0.0,0.0,0.0,0.0,0.0
319,240,2018-01-14,8.0,80.0,60.0,50.0,80.0,24.0,,0.0,0.0,0.0,0.0,0.0,10214.0,60.0,8.0,84.0,,5.0,0.0,0.0,0.0,0.0,0.0
320,240,2018-01-14,9.0,90.0,50.0,50.0,80.0,25.0,,0.0,0.0,4.0,0.0,0.0,10212.0,60.0,8.0,83.0,,5.0,0.0,0.0,0.0,0.0,0.0
321,240,2018-01-14,10.0,90.0,50.0,50.0,80.0,30.0,,3.0,0.0,18.0,0.0,0.0,10212.0,60.0,8.0,82.0,,5.0,0.0,0.0,0.0,0.0,0.0
322,240,2018-01-14,11.0,100.0,50.0,40.0,70.0,36.0,,6.0,0.0,38.0,0.0,0.0,10210.0,61.0,8.0,81.0,,5.0,0.0,0.0,0.0,0.0,0.0
323,240,2018-01-14,12.0,100.0,40.0,40.0,70.0,44.0,21,8.0,3.0,62.0,0.0,0.0,10203.0,61.0,2.0,77.0,,5.0,0.0,0.0,0.0,0.0,0.0
324,240,2018-01-14,13.0,120.0,40.0,40.0,70.0,46.0,,8.0,7.0,65.0,0.0,0.0,10199.0,61.0,7.0,76.0,,5.0,0.0,0.0,0.0,0.0,0.0
325,240,2018-01-14,14.0,110.0,40.0,50.0,70.0,51.0,,12.0,5.0,50.0,0.0,0.0,10194.0,64.0,8.0,76.0,,5.0,0.0,0.0,0.0,0.0,0.0
326,240,2018-01-14,15.0,110.0,40.0,40.0,70.0,41.0,,7.0,10.0,35.0,0.0,0.0,10193.0,63.0,0.0,78.0,,5.0,0.0,0.0,0.0,0.0,0.0
327,240,2018-01-14,16.0,130.0,40.0,40.0,60.0,28.0,,1.0,2.0,8.0,0.0,0.0,10189.0,64.0,0.0,82.0,,5.0,0.0,0.0,0.0,0.0,0.0
328,240,2018-01-14,17.0,120.0,50.0,40.0,70.0,30.0,,2.0,0.0,0.0,0.0,0.0,10189.0,62.0,0.0,81.0,,5.0,0.0,0.0,0.0,0.0,0.0
329,240,2018-01-14,18.0,130.0,40.0,40.0,70.0,22.0,10,-2.0,0.0,0.0,0.0,0.0,10184.0,61.0,0.0,84.0,,5.0,0.0,0.0,0.0,0.0,0.0
330,240,2018-01-14,19.0,120.0,40.0,40.0,60.0,19.0,,-1.0,0.0,0.0,0.0,0.0,10179.0,60.0,0.0,86.0,,5.0,0.0,0.0,0.0,0.0,0.0
331,240,2018-01-14,20.0,140.0,40.0,40.0,60.0,13.0,,-5.0,0.0,0.0,0.0,0.0,10178.0,59.0,0.0,87.0,10,7.0,0.0,0.0,0.0,0.0,0.0
332,240,2018-01-14,21.0,140.0,50.0,50.0,60.0,12.0,,-4.0,0.0,0.0,0.0,0.0,10173.0,58.0,0.0,88.0,10,7.0,0.0,0.0,0.0,0.0,0.0
333,240,2018-01-14,22.0,150.0,50.0,60.0,80.0,14.0,,-2.0,0.0,0.0,0.0,0.0,10167.0,58.0,0.0,89.0,10,7.0,0.0,0.0,0.0,0.0,0.0
334,240,2018-01-14,23.0,160.0,60.0,60.0,90.0,16.0,,3.0,0.0,0.0,0.0,0.0,10161.0,57.0,7.0,90.0,10,7.0,0.0,0.0,0.0,0.0,0.0
335,240,2018-01-14,24.0,180.0,50.0,50.0,80.0,25.0,1,12.0,0.0,0.0,0.0,0.0,10154.0,57.0,8.0,91.0,10,7.0,0.0,0.0,0.0,0.0,0.0
336,240,2018-01-15,1.0,170.0,50.0,50.0,70.0,24.0,,12.0,0.0,0.0,0.0,0.0,10144.0,57.0,8.0,91.0,10,7.0,0.0,0.0,0.0,0.0,0.0
337,240,2018-01-15,2.0,170.0,50.0,50.0,70.0,30.0,,17.0,0.0,0.0,0.0,0.0,10136.0,57.0,8.0,91.0,10,7.0,0.0,0.0,0.0,0.0,0.0
338,240,2018-01-15,3.0,170.0,50.0,50.0,90.0,33.0,,19.0,0.0,0.0,0.0,0.0,10125.0,57.0,8.0,90.0,10,7.0,0.0,0.0,0.0,0.0,0.0
339,240,2018-01-15,4.0,180.0,50.0,60.0,80.0,35.0,,20.0,0.0,0.0,0.0,0.0,10113.0,56.0,8.0,90.0,10,7.0,0.0,0.0,0.0,0.0,0.0
340,240,2018-01-15,5.0,170.0,60.0,70.0,100.0,37.0,,20.0,0.0,0.0,0.0,0.0,10100.0,56.0,8.0,89.0,10,7.0,0.0,0.0,0.0,0.0,0.0
341,240,2018-01-15,6.0,180.0,70.0,80.0,110.0,38.0,23,22.0,0.0,0.0,0.0,0.0,10090.0,50.0,8.0,89.0,10,7.0,0.0,0.0,0.0,0.0,0.0
342,240,2018-01-15,7.0,180.0,80.0,80.0,120.0,35.0,,26.0,0.0,0.0,0.0,0.0,10081.0,28.0,8.0,93.0,10,7.0,0.0,0.0,0.0,0.0,0.0
343,240,2018-01-15,8.0,180.0,90.0,90.0,130.0,33.0,,26.0,0.0,0.0,0.0,0.0,10072.0,42.0,8.0,95.0,10,7.0,0.0,0.0,0.0,0.0,0.0
344,240,2018-01-15,9.0,180.0,90.0,90.0,130.0,40.0,,28.0,0.0,2.0,0.0,0.0,10057.0,60.0,8.0,91.0,,5.0,0.0,0.0,0.0,0.0,0.0
345,240,2018-01-15,10.0,180.0,90.0,90.0,140.0,46.0,,33.0,0.0,6.0,0.0,-1.0,10044.0,57.0,8.0,91.0,57,7.0,0.0,1.0,0.0,0.0,0.0
346,240,2018-01-15,11.0,180.0,90.0,90.0,140.0,52.0,,41.0,0.0,15.0,10.0,5.0,10020.0,57.0,8.0,92.0,58,7.0,0.0,1.0,0.0,0.0,0.0
347,240,2018-01-15,12.0,180.0,100.0,100.0,150.0,58.0,31,45.0,0.0,9.0,10.0,22.0,9993.0,57.0,8.0,91.0,62,7.0,0.0,1.0,0.0,0.0,0.0
348,240,2018-01-15,13.0,180.0,120.0,120.0,190.0,58.0,,45.0,0.0,10.0,10.0,14.0,9970.0,43.0,8.0,91.0,62,7.0,0.0,1.0,0.0,0.0,0.0
349,240,2018-01-15,14.0,190.0,120.0,120.0,180.0,59.0,,51.0,0.0,6.0,10.0,7.0,9950.0,32.0,8.0,94.0,61,7.0,0.0,1.0,0.0,0.0,0.0
350,240,2018-01-15,15.0,190.0,120.0,120.0,180.0,63.0,,51.0,0.0,4.0,10.0,11.0,9933.0,58.0,8.0,92.0,62,7.0,0.0,1.0,0.0,0.0,0.0
351,240,2018-01-15,16.0,180.0,110.0,110.0,160.0,62.0,,49.0,0.0,1.0,10.0,21.0,9915.0,58.0,8.0,91.0,62,7.0,0.0,1.0,0.0,0.0,0.0
352,240,2018-01-15,17.0,180.0,110.0,100.0,160.0,59.0,,48.0,0.0,0.0,10.0,24.0,9896.0,60.0,8.0,92.0,61,7.0,0.0,1.0,0.0,0.0,0.0
353,240,2018-01-15,18.0,190.0,110.0,100.0,160.0,64.0,54,57.0,0.0,0.0,10.0,15.0,9885.0,58.0,8.0,94.0,81,7.0,0.0,1.0,0.0,0.0,0.0
354,240,2018-01-15,19.0,240.0,90.0,100.0,140.0,81.0,,73.0,0.0,0.0,8.0,14.0,9886.0,57.0,8.0,94.0,62,7.0,0.0,1.0,0.0,0.0,0.0
355,240,2018-01-15,20.0,260.0,90.0,80.0,140.0,79.0,,68.0,0.0,0.0,9.0,5.0,9895.0,62.0,8.0,92.0,57,7.0,0.0,1.0,0.0,0.0,0.0
356,240,2018-01-15,21.0,280.0,90.0,90.0,130.0,73.0,,53.0,0.0,0.0,4.0,2.0,9901.0,70.0,8.0,87.0,61,7.0,0.0,1.0,0.0,0.0,0.0
357,240,2018-01-15,22.0,260.0,70.0,70.0,120.0,64.0,,43.0,0.0,0.0,0.0,-1.0,9901.0,70.0,2.0,86.0,23,7.0,0.0,1.0,0.0,0.0,0.0
358,240,2018-01-15,23.0,250.0,80.0,90.0,120.0,65.0,,40.0,0.0,0.0,0.0,0.0,9911.0,70.0,8.0,83.0,,5.0,0.0,0.0,0.0,0.0,0.0
359,240,2018-01-15,24.0,250.0,80.0,80.0,120.0,70.0,51,39.0,0.0,0.0,0.0,0.0,9913.0,75.0,8.0,80.0,2,7.0,0.0,0.0,0.0,0.0,0.0
360,240,2018-01-16,1.0,250.0,100.0,80.0,140.0,65.0,,33.0,0.0,0.0,0.0,-1.0,9907.0,75.0,8.0,80.0,51,7.0,0.0,1.0,0.0,0.0,0.0
361,240,2018-01-16,2.0,240.0,80.0,90.0,130.0,68.0,,40.0,0.0,0.0,0.0,-1.0,9901.0,70.0,7.0,82.0,23,7.0,0.0,1.0,0.0,0.0,0.0
362,240,2018-01-16,3.0,250.0,90.0,80.0,130.0,68.0,,38.0,0.0,0.0,0.0,-1.0,9896.0,71.0,8.0,80.0,51,7.0,0.0,1.0,0.0,0.0,0.0
363,240,2018-01-16,4.0,250.0,90.0,90.0,140.0,67.0,,37.0,0.0,0.0,0.0,-1.0,9891.0,70.0,6.0,80.0,23,7.0,0.0,1.0,0.0,0.0,0.0
364,240,2018-01-16,5.0,250.0,90.0,90.0,140.0,65.0,,33.0,0.0,0.0,0.0,0.0,9888.0,68.0,6.0,80.0,,5.0,0.0,0.0,0.0,0.0,0.0
365,240,2018-01-16,6.0,260.0,90.0,90.0,130.0,66.0,53,37.0,0.0,0.0,0.0,0.0,9888.0,70.0,8.0,81.0,3,7.0,0.0,0.0,0.0,0.0,0.0
366,240,2018-01-16,7.0,270.0,90.0,90.0,170.0,61.0,,29.0,0.0,0.0,2.0,4.0,9888.0,65.0,8.0,80.0,81,7.0,0.0,1.0,0.0,0.0,0.0
367,240,2018-01-16,8.0,250.0,110.0,100.0,200.0,46.0,,15.0,0.0,0.0,6.0,12.0,9894.0,69.0,8.0,80.0,61,7.0,0.0,1.0,0.0,0.0,0.0
368,240,2018-01-16,9.0,270.0,100.0,100.0,170.0,52.0,,19.0,3.0,13.0,0.0,-1.0,9905.0,75.0,8.0,78.0,23,7.0,0.0,1.0,0.0,0.0,0.0
369,240,2018-01-16,10.0,270.0,100.0,110.0,160.0,54.0,,18.0,0.0,23.0,0.0,-1.0,9913.0,75.0,8.0,77.0,22,7.0,0.0,1.0,0.0,0.0,0.0
370,240,2018-01-16,11.0,270.0,110.0,110.0,160.0,56.0,,14.0,3.0,49.0,0.0,0.0,9918.0,75.0,7.0,74.0,,5.0,0.0,0.0,0.0,0.0,0.0
371,240,2018-01-16,12.0,270.0,110.0,110.0,160.0,58.0,34,13.0,2.0,62.0,0.0,-1.0,9920.0,75.0,3.0,72.0,23,7.0,0.0,1.0,0.0,0.0,0.0
372,240,2018-01-16,13.0,270.0,120.0,110.0,170.0,61.0,,13.0,7.0,71.0,0.0,0.0,9920.0,71.0,7.0,71.0,,5.0,0.0,0.0,0.0,0.0,0.0
373,240,2018-01-16,14.0,270.0,110.0,110.0,160.0,59.0,,9.0,3.0,41.0,0.0,0.0,9922.0,75.0,7.0,70.0,,5.0,0.0,0.0,0.0,0.0,0.0
374,240,2018-01-16,15.0,260.0,110.0,100.0,170.0,58.0,,2.0,8.0,29.0,0.0,0.0,9923.0,80.0,8.0,67.0,,5.0,0.0,0.0,0.0,0.0,0.0
375,240,2018-01-16,16.0,270.0,90.0,80.0,130.0,52.0,,6.0,3.0,6.0,0.0,-1.0,9925.0,74.0,8.0,72.0,51,7.0,0.0,1.0,0.0,0.0,0.0
376,240,2018-01-16,17.0,260.0,80.0,90.0,140.0,49.0,,5.0,0.0,0.0,0.0,-1.0,9921.0,75.0,7.0,73.0,51,7.0,0.0,1.0,0.0,0.0,0.0
377,240,2018-01-16,18.0,250.0,80.0,80.0,120.0,53.0,38,-2.0,0.0,0.0,0.0,-1.0,9917.0,77.0,1.0,68.0,22,7.0,0.0,1.0,0.0,0.0,0.0
378,240,2018-01-16,19.0,250.0,70.0,70.0,120.0,53.0,,-2.0,0.0,0.0,0.0,-1.0,9916.0,77.0,8.0,67.0,22,7.0,0.0,1.0,0.0,0.0,0.0
379,240,2018-01-16,20.0,260.0,70.0,80.0,130.0,50.0,,0.0,0.0,0.0,1.0,2.0,9913.0,78.0,8.0,69.0,23,7.0,0.0,1.0,0.0,0.0,0.0
380,240,2018-01-16,21.0,260.0,70.0,70.0,110.0,47.0,,5.0,0.0,0.0,1.0,2.0,9910.0,70.0,8.0,73.0,81,7.0,0.0,1.0,0.0,1.0,0.0
381,240,2018-01-16,22.0,250.0,80.0,90.0,130.0,39.0,,5.0,0.0,0.0,3.0,1.0,9904.0,62.0,8.0,78.0,92,7.0,0.0,1.0,0.0,1.0,0.0
382,240,2018-01-16,23.0,270.0,80.0,100.0,150.0,31.0,,12.0,0.0,0.0,5.0,5.0,9910.0,57.0,8.0,87.0,92,7.0,0.0,1.0,0.0,1.0,0.0
383,240,2018-01-16,24.0,270.0,70.0,90.0,140.0,39.0,25,-1.0,0.0,0.0,0.0,-1.0,9904.0,75.0,8.0,74.0,26,7.0,0.0,1.0,0.0,1.0,0.0
384,240,2018-01-17,1.0,270.0,90.0,90.0,130.0,37.0,,-1.0,0.0,0.0,0.0,-1.0,9905.0,75.0,4.0,76.0,22,7.0,0.0,1.0,0.0,0.0,0.0
385,240,2018-01-17,2.0,270.0,90.0,100.0,140.0,36.0,,1.0,0.0,0.0,0.0,-1.0,9910.0,71.0,8.0,77.0,81,7.0,0.0,1.0,0.0,0.0,0.0
386,240,2018-01-17,3.0,280.0,110.0,120.0,160.0,39.0,,-7.0,0.0,0.0,0.0,-1.0,9914.0,75.0,7.0,71.0,23,7.0,0.0,1.0,0.0,0.0,0.0
387,240,2018-01-17,4.0,270.0,110.0,110.0,160.0,34.0,,-7.0,0.0,0.0,0.0,-1.0,9920.0,75.0,8.0,74.0,23,7.0,0.0,1.0,0.0,0.0,0.0
388,240,2018-01-17,5.0,280.0,110.0,100.0,170.0,32.0,,-4.0,0.0,0.0,0.0,-1.0,9928.0,70.0,7.0,77.0,81,7.0,0.0,1.0,1.0,0.0,0.0
389,240,2018-01-17,6.0,280.0,110.0,110.0,170.0,33.0,17,-12.0,0.0,0.0,0.0,-1.0,9938.0,75.0,2.0,72.0,23,7.0,0.0,1.0,0.0,0.0,0.0
390,240,2018-01-17,7.0,280.0,100.0,90.0,160.0,35.0,,-9.0,0.0,0.0,0.0,-1.0,9950.0,75.0,7.0,72.0,51,7.0,0.0,1.0,0.0,0.0,0.0
391,240,2018-01-17,8.0,280.0,110.0,110.0,180.0,34.0,,-2.0,0.0,0.0,0.0,-1.0,9961.0,62.0,8.0,77.0,81,7.0,0.0,1.0,0.0,0.0,0.0
392,240,2018-01-17,9.0,270.0,100.0,110.0,180.0,40.0,,6.0,0.0,10.0,2.0,3.0,9969.0,75.0,7.0,78.0,23,7.0,0.0,1.0,0.0,0.0,0.0
393,240,2018-01-17,10.0,270.0,110.0,120.0,180.0,48.0,,10.0,2.0,23.0,0.0,-1.0,9977.0,70.0,8.0,76.0,23,7.0,0.0,1.0,0.0,0.0,0.0
394,240,2018-01-17,11.0,280.0,130.0,130.0,210.0,49.0,,7.0,0.0,37.0,0.0,-1.0,9984.0,68.0,7.0,74.0,23,7.0,0.0,1.0,0.0,0.0,0.0
395,240,2018-01-17,12.0,280.0,130.0,140.0,210.0,55.0,15,9.0,2.0,57.0,0.0,-1.0,9992.0,69.0,8.0,72.0,23,7.0,0.0,1.0,0.0,0.0,0.0
396,240,2018-01-17,13.0,280.0,140.0,140.0,200.0,53.0,,7.0,0.0,38.0,0.0,-1.0,10006.0,64.0,8.0,72.0,81,7.0,0.0,1.0,0.0,0.0,0.0
397,240,2018-01-17,14.0,280.0,130.0,110.0,200.0,58.0,,8.0,2.0,36.0,0.0,-1.0,10014.0,66.0,8.0,70.0,23,7.0,0.0,1.0,0.0,0.0,0.0
398,240,2018-01-17,15.0,280.0,120.0,130.0,180.0,59.0,,2.0,7.0,24.0,0.0,0.0,10025.0,66.0,6.0,67.0,2,7.0,0.0,0.0,0.0,0.0,0.0
399,240,2018-01-17,16.0,270.0,110.0,110.0,180.0,55.0,,9.0,3.0,9.0,0.0,0.0,10035.0,66.0,6.0,72.0,,5.0,0.0,0.0,0.0,0.0,0.0
400,240,2018-01-17,17.0,270.0,110.0,110.0,160.0,54.0,,7.0,0.0,0.0,0.0,0.0,10041.0,68.0,6.0,71.0,,5.0,0.0,0.0,0.0,0.0,0.0
401,240,2018-01-17,18.0,270.0,100.0,80.0,150.0,58.0,43,8.0,0.0,0.0,0.0,0.0,10045.0,72.0,8.0,70.0,3,7.0,0.0,0.0,0.0,0.0,0.0
402,240,2018-01-17,19.0,260.0,90.0,80.0,140.0,59.0,,7.0,0.0,0.0,0.0,0.0,10044.0,68.0,8.0,69.0,,5.0,0.0,0.0,0.0,0.0,0.0
403,240,2018-01-17,20.0,260.0,90.0,100.0,140.0,63.0,,9.0,0.0,0.0,0.0,0.0,10044.0,67.0,8.0,68.0,,5.0,0.0,0.0,0.0,0.0,0.0
404,240,2018-01-17,21.0,250.0,90.0,90.0,140.0,58.0,,10.0,0.0,0.0,0.0,0.0,10046.0,68.0,8.0,71.0,,5.0,0.0,0.0,0.0,0.0,0.0
405,240,2018-01-17,22.0,250.0,80.0,80.0,120.0,56.0,,8.0,0.0,0.0,0.0,0.0,10043.0,68.0,8.0,71.0,,5.0,0.0,0.0,0.0,0.0,0.0
406,240,2018-01-17,23.0,240.0,70.0,70.0,110.0,58.0,,12.0,0.0,0.0,0.0,0.0,10036.0,67.0,8.0,72.0,,5.0,0.0,0.0,0.0,0.0,0.0
407,240,2018-01-17,24.0,220.0,60.0,60.0,100.0,50.0,45,21.0,0.0,0.0,0.0,0.0,10023.0,65.0,8.0,81.0,,5.0,0.0,0.0,0.0,0.0,0.0
408,240,2018-01-18,1.0,230.0,70.0,90.0,140.0,52.0,,20.0,0.0,0.0,7.0,2.0,10004.0,64.0,8.0,79.0,57,7.0,0.0,1.0,0.0,0.0,0.0
409,240,2018-01-18,2.0,200.0,80.0,70.0,130.0,41.0,,25.0,0.0,0.0,9.0,6.0,9980.0,63.0,8.0,89.0,61,7.0,0.0,1.0,0.0,0.0,0.0
410,240,2018-01-18,3.0,180.0,90.0,110.0,140.0,31.0,,20.0,0.0,0.0,10.0,17.0,9947.0,50.0,8.0,92.0,62,7.0,0.0,1.0,0.0,0.0,0.0
411,240,2018-01-18,4.0,170.0,100.0,110.0,190.0,32.0,,24.0,0.0,0.0,10.0,17.0,9903.0,49.0,8.0,94.0,61,7.0,0.0,1.0,0.0,0.0,0.0
412,240,2018-01-18,5.0,190.0,110.0,100.0,160.0,54.0,,47.0,0.0,0.0,10.0,11.0,9863.0,56.0,8.0,95.0,62,7.0,0.0,1.0,0.0,0.0,0.0
413,240,2018-01-18,6.0,230.0,140.0,170.0,260.0,97.0,27,70.0,0.0,0.0,4.0,6.0,9841.0,65.0,8.0,82.0,23,7.0,0.0,1.0,0.0,0.0,0.0
414,240,2018-01-18,7.0,230.0,170.0,170.0,250.0,98.0,,64.0,0.0,0.0,0.0,-1.0,9832.0,61.0,8.0,79.0,23,7.0,0.0,1.0,0.0,0.0,0.0
415,240,2018-01-18,8.0,250.0,180.0,200.0,280.0,82.0,,29.0,0.0,0.0,0.0,-1.0,9834.0,59.0,8.0,68.0,23,7.0,0.0,1.0,0.0,0.0,0.0
416,240,2018-01-18,9.0,260.0,220.0,240.0,330.0,52.0,,28.0,0.0,3.0,0.0,0.0,9836.0,50.0,8.0,84.0,10,7.0,0.0,0.0,0.0,0.0,0.0
417,240,2018-01-18,10.0,290.0,230.0,200.0,340.0,50.0,,20.0,0.0,10.0,0.0,-1.0,9897.0,56.0,8.0,80.0,51,7.0,0.0,1.0,0.0,0.0,0.0
418,240,2018-01-18,11.0,300.0,180.0,160.0,280.0,63.0,,25.0,0.0,36.0,0.0,-1.0,9938.0,66.0,8.0,76.0,22,7.0,0.0,1.0,0.0,0.0,0.0
419,240,2018-01-18,12.0,290.0,140.0,130.0,240.0,54.0,45,27.0,0.0,47.0,1.0,1.0,9965.0,64.0,8.0,82.0,81,7.0,0.0,1.0,0.0,0.0,0.0
420,240,2018-01-18,13.0,290.0,110.0,100.0,170.0,55.0,,37.0,0.0,32.0,4.0,6.0,9980.0,50.0,8.0,88.0,62,7.0,0.0,1.0,0.0,0.0,0.0
421,240,2018-01-18,14.0,280.0,80.0,70.0,140.0,44.0,,28.0,2.0,34.0,4.0,14.0,9990.0,70.0,7.0,89.0,81,7.0,0.0,1.0,0.0,0.0,0.0
422,240,2018-01-18,15.0,270.0,90.0,90.0,130.0,51.0,,23.0,5.0,24.0,0.0,-1.0,9998.0,70.0,8.0,82.0,23,7.0,0.0,1.0,0.0,0.0,0.0
423,240,2018-01-18,16.0,270.0,70.0,70.0,120.0,47.0,,15.0,3.0,10.0,0.0,0.0,10005.0,75.0,6.0,80.0,,5.0,0.0,0.0,0.0,0.0,0.0
424,240,2018-01-18,17.0,270.0,60.0,50.0,90.0,42.0,,11.0,0.0,0.0,0.0,0.0,10007.0,75.0,5.0,79.0,,5.0,0.0,0.0,0.0,0.0,0.0
425,240,2018-01-18,18.0,270.0,40.0,30.0,70.0,27.0,11,5.0,0.0,0.0,0.0,0.0,10008.0,70.0,4.0,85.0,1,7.0,0.0,0.0,0.0,0.0,0.0
426,240,2018-01-18,19.0,270.0,20.0,10.0,50.0,25.0,,2.0,0.0,0.0,0.0,0.0,10007.0,70.0,6.0,84.0,,5.0,0.0,0.0,0.0,0.0,0.0
427,240,2018-01-18,20.0,250.0,30.0,30.0,50.0,34.0,,12.0,0.0,0.0,0.0,0.0,10009.0,70.0,6.0,85.0,,5.0,0.0,0.0,0.0,0.0,0.0
428,240,2018-01-18,21.0,270.0,40.0,30.0,80.0,33.0,,18.0,0.0,0.0,4.0,4.0,10011.0,70.0,8.0,90.0,81,7.0,0.0,1.0,0.0,0.0,0.0
429,240,2018-01-18,22.0,260.0,30.0,40.0,80.0,34.0,,21.0,0.0,0.0,4.0,17.0,10017.0,48.0,8.0,91.0,82,7.0,0.0,1.0,0.0,0.0,0.0
430,240,2018-01-18,23.0,200.0,20.0,20.0,60.0,30.0,,19.0,0.0,0.0,6.0,13.0,10017.0,65.0,8.0,92.0,23,7.0,0.0,1.0,1.0,0.0,0.0
431,240,2018-01-18,24.0,230.0,40.0,40.0,60.0,31.0,-9,19.0,0.0,0.0,2.0,2.0,10018.0,65.0,8.0,92.0,23,7.0,0.0,1.0,0.0,0.0,0.0
432,240,2018-01-19,1.0,260.0,40.0,40.0,60.0,37.0,,26.0,0.0,0.0,3.0,2.0,10023.0,58.0,8.0,92.0,81,7.0,0.0,1.0,0.0,0.0,0.0
433,240,2018-01-19,2.0,270.0,40.0,40.0,70.0,35.0,,19.0,0.0,0.0,0.0,-1.0,10028.0,70.0,8.0,89.0,81,7.0,0.0,1.0,0.0,0.0,0.0
434,240,2018-01-19,3.0,300.0,60.0,70.0,110.0,39.0,,19.0,0.0,0.0,8.0,6.0,10033.0,58.0,7.0,87.0,62,7.0,0.0,1.0,0.0,0.0,0.0
435,240,2018-01-19,4.0,260.0,40.0,40.0,100.0,37.0,,22.0,0.0,0.0,2.0,1.0,10036.0,70.0,7.0,89.0,23,7.0,0.0,1.0,0.0,0.0,0.0
436,240,2018-01-19,5.0,260.0,60.0,40.0,130.0,33.0,,18.0,0.0,0.0,2.0,3.0,10043.0,70.0,8.0,89.0,23,7.0,0.0,1.0,0.0,0.0,0.0
437,240,2018-01-19,6.0,260.0,50.0,60.0,80.0,40.0,16,16.0,0.0,0.0,0.0,0.0,10048.0,70.0,8.0,83.0,2,7.0,0.0,0.0,0.0,0.0,0.0
438,240,2018-01-19,7.0,270.0,60.0,50.0,100.0,37.0,,12.0,0.0,0.0,0.0,0.0,10055.0,70.0,6.0,83.0,,5.0,0.0,0.0,0.0,0.0,0.0
439,240,2018-01-19,8.0,270.0,50.0,50.0,80.0,38.0,,15.0,0.0,0.0,2.0,1.0,10061.0,64.0,8.0,84.0,81,7.0,0.0,1.0,0.0,0.0,0.0
440,240,2018-01-19,9.0,260.0,50.0,50.0,80.0,45.0,,17.0,7.0,18.0,0.0,-1.0,10068.0,70.0,2.0,82.0,23,7.0,0.0,1.0,0.0,0.0,0.0
441,240,2018-01-19,10.0,260.0,60.0,60.0,90.0,52.0,,19.0,5.0,40.0,0.0,0.0,10072.0,75.0,7.0,79.0,,5.0,0.0,0.0,0.0,0.0,0.0
442,240,2018-01-19,11.0,260.0,60.0,60.0,80.0,58.0,,22.0,2.0,45.0,0.0,0.0,10072.0,75.0,4.0,77.0,,5.0,0.0,0.0,0.0,0.0,0.0
443,240,2018-01-19,12.0,250.0,70.0,70.0,100.0,54.0,29,16.0,3.0,66.0,0.0,0.0,10072.0,75.0,7.0,76.0,3,7.0,0.0,0.0,0.0,0.0,0.0
444,240,2018-01-19,13.0,250.0,70.0,70.0,100.0,56.0,,17.0,0.0,48.0,0.0,0.0,10071.0,75.0,7.0,76.0,,5.0,0.0,0.0,0.0,0.0,0.0
445,240,2018-01-19,14.0,250.0,80.0,80.0,110.0,52.0,,12.0,5.0,64.0,0.0,-1.0,10070.0,75.0,7.0,75.0,22,7.0,0.0,1.0,0.0,0.0,0.0
446,240,2018-01-19,15.0,250.0,70.0,60.0,120.0,50.0,,15.0,8.0,35.0,1.0,1.0,10071.0,75.0,5.0,77.0,23,7.0,0.0,1.0,0.0,0.0,0.0
447,240,2018-01-19,16.0,250.0,70.0,70.0,100.0,45.0,,6.0,3.0,11.0,0.0,0.0,10070.0,75.0,6.0,76.0,,5.0,0.0,0.0,0.0,0.0,0.0
448,240,2018-01-19,17.0,230.0,50.0,40.0,90.0,35.0,,7.0,0.0,0.0,0.0,0.0,10070.0,70.0,5.0,82.0,,5.0,0.0,0.0,0.0,0.0,0.0
449,240,2018-01-19,18.0,240.0,60.0,50.0,80.0,37.0,22,6.0,0.0,0.0,0.0,0.0,10071.0,75.0,2.0,80.0,1,7.0,0.0,0.0,0.0,0.0,0.0
450,240,2018-01-19,19.0,250.0,60.0,70.0,120.0,31.0,,3.0,0.0,0.0,4.0,32.0,10071.0,50.0,8.0,81.0,82,7.0,0.0,1.0,0.0,0.0,0.0
451,240,2018-01-19,20.0,240.0,20.0,10.0,100.0,15.0,,-3.0,0.0,0.0,1.0,1.0,10071.0,70.0,7.0,87.0,23,7.0,0.0,1.0,0.0,0.0,0.0
452,240,2018-01-19,21.0,240.0,30.0,50.0,60.0,30.0,,1.0,0.0,0.0,1.0,1.0,10070.0,70.0,2.0,81.0,24,7.0,0.0,1.0,1.0,0.0,0.0
453,240,2018-01-19,22.0,250.0,50.0,50.0,120.0,34.0,,-3.0,0.0,0.0,2.0,3.0,10071.0,75.0,8.0,76.0,81,7.0,0.0,1.0,0.0,0.0,0.0
454,240,2018-01-19,23.0,160.0,40.0,30.0,110.0,16.0,,-1.0,0.0,0.0,4.0,15.0,10070.0,70.0,7.0,88.0,23,7.0,0.0,1.0,0.0,0.0,0.0
455,240,2018-01-19,24.0,220.0,40.0,40.0,50.0,14.0,3,1.0,0.0,0.0,0.0,0.0,10069.0,70.0,2.0,90.0,1,7.0,0.0,0.0,0.0,0.0,0.0
456,240,2018-01-20,1.0,250.0,40.0,40.0,70.0,31.0,,0.0,0.0,0.0,0.0,0.0,10068.0,75.0,0.0,80.0,,5.0,0.0,0.0,0.0,0.0,0.0
457,240,2018-01-20,2.0,240.0,50.0,50.0,70.0,33.0,,1.0,0.0,0.0,0.0,-1.0,10066.0,75.0,1.0,79.0,22,7.0,0.0,1.0,0.0,0.0,0.0
458,240,2018-01-20,3.0,210.0,40.0,40.0,60.0,10.0,,-5.0,0.0,0.0,0.0,0.0,10061.0,70.0,6.0,89.0,3,7.0,0.0,0.0,0.0,0.0,0.0
459,240,2018-01-20,4.0,210.0,40.0,40.0,50.0,9.0,,-6.0,0.0,0.0,0.0,0.0,10055.0,70.0,3.0,89.0,,5.0,0.0,0.0,0.0,0.0,0.0
460,240,2018-01-20,5.0,190.0,40.0,40.0,50.0,11.0,,-5.0,0.0,0.0,0.0,0.0,10050.0,70.0,1.0,88.0,,5.0,0.0,0.0,0.0,0.0,0.0
461,240,2018-01-20,6.0,190.0,30.0,30.0,40.0,-5.0,-23,-14.0,0.0,0.0,0.0,0.0,10046.0,65.0,8.0,93.0,3,7.0,0.0,0.0,0.0,0.0,0.0
462,240,2018-01-20,7.0,190.0,40.0,40.0,60.0,3.0,,-5.0,0.0,0.0,0.0,0.0,10042.0,63.0,8.0,94.0,,5.0,0.0,0.0,0.0,0.0,0.0
463,240,2018-01-20,8.0,190.0,40.0,40.0,60.0,13.0,,6.0,0.0,1.0,0.0,0.0,10041.0,62.0,8.0,94.0,,5.0,0.0,0.0,0.0,0.0,0.0
464,240,2018-01-20,9.0,180.0,40.0,40.0,60.0,14.0,,6.0,0.0,10.0,0.0,0.0,10036.0,61.0,8.0,94.0,,5.0,0.0,0.0,0.0,0.0,0.0
465,240,2018-01-20,10.0,180.0,40.0,40.0,60.0,16.0,,7.0,0.0,21.0,0.0,0.0,10032.0,61.0,8.0,94.0,,5.0,0.0,0.0,0.0,0.0,0.0
466,240,2018-01-20,11.0,170.0,40.0,40.0,60.0,19.0,,11.0,0.0,22.0,0.0,0.0,10027.0,60.0,8.0,94.0,,5.0,0.0,0.0,0.0,0.0,0.0
467,240,2018-01-20,12.0,170.0,40.0,40.0,60.0,25.0,-19,18.0,0.0,22.0,0.0,0.0,10013.0,57.0,8.0,95.0,10,7.0,0.0,0.0,0.0,0.0,0.0
468,240,2018-01-20,13.0,180.0,40.0,30.0,50.0,31.0,,23.0,0.0,19.0,0.0,0.0,10002.0,57.0,8.0,94.0,10,7.0,0.0,0.0,0.0,0.0,0.0
469,240,2018-01-20,14.0,170.0,30.0,40.0,50.0,34.0,,25.0,0.0,21.0,0.0,0.0,9996.0,59.0,8.0,94.0,10,7.0,0.0,0.0,0.0,0.0,0.0
470,240,2018-01-20,15.0,180.0,30.0,30.0,60.0,37.0,,24.0,8.0,27.0,0.0,0.0,9994.0,61.0,8.0,91.0,,5.0,0.0,0.0,0.0,0.0,0.0
471,240,2018-01-20,16.0,150.0,30.0,20.0,40.0,32.0,,23.0,3.0,7.0,0.0,0.0,9999.0,61.0,8.0,94.0,,5.0,0.0,0.0,0.0,0.0,0.0
472,240,2018-01-20,17.0,150.0,20.0,20.0,30.0,31.0,,22.0,0.0,0.0,0.0,-1.0,10002.0,62.0,8.0,94.0,51,7.0,0.0,1.0,0.0,0.0,0.0
473,240,2018-01-20,18.0,0.0,10.0,0.0,30.0,30.0,22,27.0,0.0,0.0,6.0,1.0,10007.0,56.0,8.0,97.0,81,7.0,0.0,1.0,0.0,0.0,0.0
474,240,2018-01-20,19.0,300.0,20.0,40.0,60.0,25.0,,16.0,0.0,0.0,10.0,9.0,10016.0,57.0,8.0,94.0,61,7.0,0.0,1.0,0.0,0.0,0.0
475,240,2018-01-20,20.0,270.0,20.0,20.0,40.0,25.0,,18.0,0.0,0.0,9.0,4.0,10022.0,65.0,8.0,95.0,57,7.0,0.0,1.0,0.0,0.0,0.0
476,240,2018-01-20,21.0,280.0,30.0,30.0,60.0,28.0,,20.0,0.0,0.0,6.0,6.0,10028.0,50.0,8.0,94.0,81,7.0,0.0,1.0,0.0,0.0,0.0
477,240,2018-01-20,22.0,270.0,30.0,40.0,80.0,33.0,,21.0,0.0,0.0,0.0,-1.0,10039.0,65.0,8.0,92.0,23,7.0,0.0,1.0,0.0,0.0,0.0
478,240,2018-01-20,23.0,330.0,20.0,10.0,90.0,23.0,,6.0,0.0,0.0,4.0,1.0,10047.0,70.0,7.0,88.0,23,7.0,0.0,1.0,0.0,0.0,0.0
479,240,2018-01-20,24.0,300.0,20.0,30.0,40.0,5.0,-16,-10.0,0.0,0.0,0.0,0.0,10058.0,70.0,0.0,89.0,1,7.0,0.0,0.0,0.0,0.0,0.0
480,240,2018-01-21,1.0,320.0,40.0,50.0,60.0,24.0,,-1.0,0.0,0.0,0.0,0.0,10071.0,70.0,2.0,83.0,,5.0,0.0,0.0,0.0,0.0,0.0
481,240,2018-01-21,2.0,320.0,50.0,60.0,100.0,29.0,,-6.0,0.0,0.0,0.0,-1.0,10084.0,60.0,7.0,77.0,81,7.0,0.0,1.0,0.0,0.0,0.0
482,240,2018-01-21,3.0,320.0,50.0,50.0,90.0,24.0,,0.0,0.0,0.0,0.0,-1.0,10093.0,70.0,1.0,83.0,23,7.0,0.0,1.0,0.0,0.0,0.0
483,240,2018-01-21,4.0,320.0,50.0,50.0,70.0,24.0,,-5.0,0.0,0.0,0.0,0.0,10102.0,70.0,0.0,81.0,,5.0,0.0,0.0,0.0,0.0,0.0
484,240,2018-01-21,5.0,300.0,40.0,30.0,70.0,15.0,,-6.0,0.0,0.0,0.0,0.0,10111.0,70.0,1.0,85.0,,5.0,0.0,0.0,0.0,0.0,0.0
485,240,2018-01-21,6.0,300.0,30.0,30.0,40.0,16.0,-16,-7.0,0.0,0.0,0.0,0.0,10120.0,70.0,7.0,84.0,3,7.0,0.0,0.0,0.0,0.0,0.0
486,240,2018-01-21,7.0,300.0,30.0,30.0,50.0,10.0,,-11.0,0.0,0.0,0.0,0.0,10131.0,70.0,8.0,85.0,,5.0,0.0,0.0,0.0,0.0,0.0
487,240,2018-01-21,8.0,280.0,20.0,20.0,40.0,17.0,,-6.0,0.0,2.0,0.0,0.0,10139.0,70.0,8.0,84.0,,5.0,0.0,0.0,0.0,0.0,0.0
488,240,2018-01-21,9.0,280.0,30.0,20.0,60.0,29.0,,3.0,10.0,27.0,0.0,0.0,10144.0,70.0,8.0,83.0,,5.0,0.0,0.0,0.0,0.0,0.0
489,240,2018-01-21,10.0,270.0,20.0,30.0,40.0,40.0,,12.0,8.0,47.0,0.0,0.0,10152.0,70.0,8.0,81.0,,5.0,0.0,0.0,0.0,0.0,0.0
490,240,2018-01-21,11.0,270.0,30.0,20.0,40.0,59.0,,20.0,7.0,67.0,0.0,0.0,10153.0,75.0,8.0,76.0,,5.0,0.0,0.0,0.0,0.0,0.0
491,240,2018-01-21,12.0,240.0,20.0,20.0,40.0,65.0,-27,19.0,10.0,101.0,0.0,0.0,10155.0,75.0,7.0,72.0,,5.0,0.0,0.0,0.0,0.0,0.0
492,240,2018-01-21,13.0,250.0,40.0,40.0,60.0,63.0,,15.0,3.0,63.0,0.0,0.0,10153.0,75.0,8.0,71.0,,5.0,0.0,0.0,0.0,0.0,0.0
493,240,2018-01-21,14.0,250.0,30.0,30.0,50.0,58.0,,11.0,0.0,44.0,0.0,0.0,10152.0,75.0,8.0,71.0,,5.0,0.0,0.0,0.0,0.0,0.0
494,240,2018-01-21,15.0,210.0,30.0,30.0,60.0,51.0,,25.0,0.0,20.0,0.0,0.0,10148.0,70.0,8.0,82.0,,5.0,0.0,0.0,0.0,0.0,0.0
495,240,2018-01-21,16.0,170.0,30.0,30.0,50.0,40.0,,15.0,0.0,6.0,0.0,0.0,10143.0,70.0,8.0,83.0,,5.0,0.0,0.0,0.0,0.0,0.0
496,240,2018-01-21,17.0,150.0,40.0,40.0,50.0,34.0,,19.0,0.0,0.0,0.0,0.0,10139.0,70.0,8.0,90.0,,5.0,0.0,0.0,0.0,0.0,0.0
497,240,2018-01-21,18.0,150.0,40.0,40.0,60.0,36.0,23,22.0,0.0,0.0,0.0,0.0,10131.0,68.0,8.0,90.0,,5.0,0.0,0.0,0.0,0.0,0.0
498,240,2018-01-21,19.0,160.0,50.0,50.0,80.0,37.0,,22.0,0.0,0.0,0.0,0.0,10126.0,65.0,8.0,89.0,,5.0,0.0,0.0,0.0,0.0,0.0
499,240,2018-01-21,20.0,160.0,50.0,50.0,80.0,35.0,,21.0,0.0,0.0,0.0,-1.0,10118.0,60.0,8.0,90.0,51,7.0,0.0,1.0,0.0,0.0,0.0
500,240,2018-01-21,21.0,170.0,60.0,70.0,100.0,32.0,,20.0,0.0,0.0,10.0,2.0,10104.0,59.0,8.0,91.0,58,7.0,0.0,1.0,0.0,0.0,0.0
501,240,2018-01-21,22.0,150.0,80.0,80.0,120.0,26.0,,14.0,0.0,0.0,10.0,7.0,10093.0,56.0,8.0,91.0,62,7.0,0.0,1.0,0.0,0.0,0.0
502,240,2018-01-21,23.0,130.0,70.0,60.0,110.0,23.0,,16.0,0.0,0.0,10.0,7.0,10083.0,31.0,8.0,94.0,62,7.0,0.0,1.0,0.0,0.0,0.0
503,240,2018-01-21,24.0,140.0,70.0,60.0,100.0,23.0,20,17.0,0.0,0.0,10.0,6.0,10069.0,48.0,8.0,95.0,61,7.0,0.0,1.0,0.0,0.0,0.0
504,240,2018-01-22,1.0,160.0,70.0,70.0,110.0,24.0,,18.0,0.0,0.0,6.0,1.0,10056.0,36.0,8.0,96.0,81,7.0,0.0,1.0,1.0,0.0,0.0
505,240,2018-01-22,2.0,160.0,70.0,50.0,110.0,25.0,,20.0,0.0,0.0,5.0,3.0,10052.0,36.0,8.0,96.0,52,7.0,0.0,1.0,0.0,0.0,0.0
506,240,2018-01-22,3.0,180.0,50.0,50.0,80.0,26.0,,22.0,0.0,0.0,9.0,2.0,10045.0,50.0,8.0,97.0,51,7.0,0.0,1.0,0.0,0.0,0.0
507,240,2018-01-22,4.0,170.0,50.0,40.0,80.0,29.0,,26.0,0.0,0.0,8.0,2.0,10039.0,41.0,8.0,97.0,51,7.0,0.0,1.0,0.0,0.0,0.0
508,240,2018-01-22,5.0,200.0,40.0,40.0,60.0,39.0,,37.0,0.0,0.0,0.0,-1.0,10038.0,27.0,8.0,98.0,51,7.0,0.0,1.0,0.0,0.0,0.0
509,240,2018-01-22,6.0,280.0,40.0,60.0,80.0,63.0,22,60.0,0.0,0.0,2.0,1.0,10043.0,33.0,8.0,97.0,58,7.0,0.0,1.0,0.0,0.0,0.0
510,240,2018-01-22,7.0,290.0,60.0,60.0,100.0,66.0,,55.0,0.0,0.0,0.0,-1.0,10047.0,64.0,8.0,92.0,23,7.0,0.0,1.0,0.0,0.0,0.0
511,240,2018-01-22,8.0,280.0,50.0,50.0,80.0,68.0,,54.0,0.0,1.0,0.0,0.0,10056.0,67.0,8.0,90.0,,5.0,0.0,0.0,0.0,0.0,0.0
512,240,2018-01-22,9.0,280.0,50.0,50.0,80.0,73.0,,55.0,0.0,9.0,0.0,-1.0,10060.0,67.0,8.0,88.0,23,7.0,0.0,1.0,0.0,0.0,0.0
513,240,2018-01-22,10.0,290.0,50.0,50.0,70.0,78.0,,56.0,0.0,22.0,0.0,-1.0,10067.0,68.0,8.0,85.0,23,7.0,0.0,1.0,0.0,0.0,0.0
514,240,2018-01-22,11.0,290.0,50.0,60.0,80.0,81.0,,60.0,0.0,48.0,0.0,0.0,10071.0,67.0,8.0,86.0,,5.0,0.0,0.0,0.0,0.0,0.0
515,240,2018-01-22,12.0,290.0,60.0,60.0,100.0,81.0,59,58.0,0.0,49.0,0.0,0.0,10076.0,65.0,8.0,85.0,2,7.0,0.0,0.0,0.0,0.0,0.0
516,240,2018-01-22,13.0,290.0,60.0,60.0,90.0,80.0,,54.0,0.0,48.0,0.0,0.0,10080.0,65.0,8.0,83.0,,5.0,0.0,0.0,0.0,0.0,0.0
517,240,2018-01-22,14.0,290.0,60.0,60.0,90.0,78.0,,54.0,0.0,35.0,0.0,0.0,10086.0,64.0,8.0,84.0,,5.0,0.0,0.0,0.0,0.0,0.0
518,240,2018-01-22,15.0,290.0,60.0,60.0,100.0,74.0,,52.0,0.0,18.0,0.0,0.0,10101.0,62.0,8.0,85.0,,5.0,0.0,0.0,0.0,0.0,0.0
519,240,2018-01-22,16.0,280.0,60.0,60.0,90.0,69.0,,50.0,0.0,6.0,0.0,0.0,10110.0,62.0,8.0,87.0,,5.0,0.0,0.0,0.0,0.0,0.0
520,240,2018-01-22,17.0,290.0,60.0,60.0,100.0,69.0,,49.0,0.0,1.0,0.0,0.0,10126.0,62.0,8.0,87.0,,5.0,0.0,0.0,0.0,0.0,0.0
521,240,2018-01-22,18.0,290.0,70.0,70.0,100.0,70.0,62,50.0,0.0,0.0,0.0,0.0,10134.0,63.0,8.0,86.0,,5.0,0.0,0.0,0.0,0.0,0.0
522,240,2018-01-22,19.0,280.0,60.0,60.0,90.0,70.0,,50.0,0.0,0.0,0.0,0.0,10142.0,64.0,8.0,87.0,,5.0,0.0,0.0,0.0,0.0,0.0
523,240,2018-01-22,20.0,270.0,60.0,60.0,90.0,72.0,,52.0,0.0,0.0,0.0,0.0,10148.0,65.0,8.0,87.0,,5.0,0.0,0.0,0.0,0.0,0.0
524,240,2018-01-22,21.0,270.0,50.0,50.0,70.0,58.0,,44.0,0.0,0.0,0.0,0.0,10155.0,65.0,0.0,90.0,,5.0,0.0,0.0,0.0,0.0,0.0
525,240,2018-01-22,22.0,260.0,50.0,50.0,60.0,62.0,,45.0,0.0,0.0,0.0,0.0,10165.0,66.0,6.0,88.0,,5.0,0.0,0.0,0.0,0.0,0.0
526,240,2018-01-22,23.0,280.0,50.0,50.0,70.0,63.0,,44.0,0.0,0.0,0.0,0.0,10173.0,69.0,8.0,87.0,,5.0,0.0,0.0,0.0,0.0,0.0
527,240,2018-01-22,24.0,260.0,50.0,50.0,80.0,57.0,45,41.0,0.0,0.0,0.0,0.0,10178.0,69.0,6.0,89.0,,5.0,0.0,0.0,0.0,0.0,0.0
528,240,2018-01-23,1.0,260.0,50.0,50.0,70.0,59.0,,43.0,0.0,0.0,0.0,0.0,10180.0,68.0,6.0,89.0,,5.0,0.0,0.0,0.0,0.0,0.0
529,240,2018-01-23,2.0,250.0,50.0,40.0,70.0,67.0,,47.0,0.0,0.0,0.0,0.0,10186.0,68.0,8.0,87.0,,5.0,0.0,0.0,0.0,0.0,0.0
530,240,2018-01-23,3.0,240.0,40.0,40.0,60.0,66.0,,46.0,0.0,0.0,0.0,0.0,10191.0,69.0,8.0,87.0,,5.0,0.0,0.0,0.0,0.0,0.0
531,240,2018-01-23,4.0,200.0,30.0,40.0,50.0,44.0,,37.0,0.0,0.0,0.0,0.0,10190.0,65.0,8.0,94.0,,5.0,0.0,0.0,0.0,0.0,0.0
532,240,2018-01-23,5.0,190.0,40.0,40.0,50.0,33.0,,23.0,0.0,0.0,0.0,0.0,10192.0,65.0,8.0,93.0,,5.0,0.0,0.0,0.0,0.0,0.0
533,240,2018-01-23,6.0,190.0,50.0,50.0,60.0,54.0,22,41.0,0.0,0.0,0.0,0.0,10191.0,65.0,8.0,91.0,,5.0,0.0,0.0,0.0,0.0,0.0
534,240,2018-01-23,7.0,180.0,50.0,40.0,70.0,52.0,,40.0,0.0,0.0,0.0,0.0,10189.0,65.0,8.0,92.0,,5.0,0.0,0.0,0.0,0.0,0.0
535,240,2018-01-23,8.0,200.0,50.0,70.0,90.0,63.0,,41.0,0.0,1.0,0.0,0.0,10192.0,70.0,8.0,86.0,,5.0,0.0,0.0,0.0,0.0,0.0
536,240,2018-01-23,9.0,190.0,60.0,50.0,90.0,67.0,,45.0,0.0,8.0,0.0,0.0,10190.0,70.0,8.0,85.0,,5.0,0.0,0.0,0.0,0.0,0.0
537,240,2018-01-23,10.0,190.0,60.0,60.0,90.0,74.0,,50.0,0.0,21.0,0.0,0.0,10192.0,70.0,8.0,84.0,,5.0,0.0,0.0,0.0,0.0,0.0
538,240,2018-01-23,11.0,190.0,70.0,80.0,110.0,84.0,,62.0,0.0,44.0,0.0,0.0,10186.0,70.0,8.0,85.0,,5.0,0.0,0.0,0.0,0.0,0.0
539,240,2018-01-23,12.0,200.0,80.0,80.0,110.0,91.0,44,61.0,6.0,61.0,0.0,0.0,10178.0,70.0,8.0,81.0,,5.0,0.0,0.0,0.0,0.0,0.0
540,240,2018-01-23,13.0,190.0,90.0,80.0,130.0,85.0,,65.0,0.0,28.0,5.0,1.0,10170.0,62.0,8.0,87.0,57,7.0,0.0,1.0,0.0,0.0,0.0
541,240,2018-01-23,14.0,190.0,80.0,70.0,120.0,84.0,,70.0,0.0,11.0,7.0,4.0,10163.0,70.0,8.0,90.0,51,7.0,0.0,1.0,0.0,0.0,0.0
542,240,2018-01-23,15.0,190.0,90.0,90.0,130.0,84.0,,76.0,0.0,7.0,1.0,2.0,10159.0,60.0,8.0,94.0,81,7.0,0.0,1.0,0.0,0.0,0.0
543,240,2018-01-23,16.0,200.0,90.0,90.0,120.0,86.0,,79.0,0.0,2.0,0.0,-1.0,10157.0,65.0,8.0,94.0,23,7.0,0.0,1.0,0.0,0.0,0.0
544,240,2018-01-23,17.0,200.0,90.0,90.0,130.0,88.0,,83.0,0.0,0.0,0.0,-1.0,10156.0,29.0,8.0,97.0,57,7.0,0.0,1.0,0.0,0.0,0.0
545,240,2018-01-23,18.0,210.0,90.0,80.0,130.0,91.0,80,87.0,0.0,0.0,10.0,1.0,10151.0,28.0,8.0,97.0,58,7.0,0.0,1.0,0.0,0.0,0.0
546,240,2018-01-23,19.0,210.0,90.0,100.0,130.0,96.0,,91.0,0.0,0.0,0.0,-1.0,10149.0,39.0,8.0,96.0,81,7.0,0.0,1.0,0.0,0.0,0.0
547,240,2018-01-23,20.0,210.0,100.0,100.0,140.0,98.0,,93.0,0.0,0.0,0.0,-1.0,10148.0,38.0,8.0,96.0,51,7.0,0.0,1.0,0.0,0.0,0.0
548,240,2018-01-23,21.0,220.0,100.0,90.0,140.0,102.0,,98.0,0.0,0.0,0.0,-1.0,10150.0,25.0,8.0,96.0,81,7.0,0.0,1.0,0.0,0.0,0.0
549,240,2018-01-23,22.0,220.0,90.0,80.0,120.0,104.0,,100.0,0.0,0.0,10.0,3.0,10149.0,30.0,8.0,97.0,52,7.0,0.0,1.0,0.0,0.0,0.0
550,240,2018-01-23,23.0,220.0,90.0,100.0,140.0,110.0,,102.0,0.0,0.0,6.0,2.0,10147.0,62.0,8.0,94.0,23,7.0,0.0,1.0,0.0,0.0,0.0
551,240,2018-01-23,24.0,230.0,100.0,110.0,140.0,111.0,89,98.0,0.0,0.0,0.0,0.0,10150.0,65.0,8.0,91.0,2,7.0,0.0,0.0,0.0,0.0,0.0
552,240,2018-01-24,1.0,230.0,100.0,80.0,160.0,104.0,,93.0,0.0,0.0,0.0,0.0,10152.0,65.0,8.0,92.0,,5.0,0.0,0.0,0.0,0.0,0.0
553,240,2018-01-24,2.0,220.0,70.0,70.0,120.0,98.0,,87.0,0.0,0.0,0.0,0.0,10152.0,65.0,8.0,93.0,,5.0,0.0,0.0,0.0,0.0,0.0
554,240,2018-01-24,3.0,230.0,80.0,100.0,130.0,105.0,,94.0,0.0,0.0,0.0,0.0,10145.0,65.0,8.0,93.0,,5.0,0.0,0.0,0.0,0.0,0.0
555,240,2018-01-24,4.0,210.0,100.0,80.0,130.0,111.0,,101.0,0.0,0.0,0.0,0.0,10140.0,65.0,8.0,93.0,,5.0,0.0,0.0,0.0,0.0,0.0
556,240,2018-01-24,5.0,210.0,90.0,80.0,130.0,115.0,,102.0,0.0,0.0,0.0,0.0,10133.0,65.0,8.0,91.0,,5.0,0.0,0.0,0.0,0.0,0.0
557,240,2018-01-24,6.0,210.0,80.0,90.0,120.0,117.0,91,106.0,0.0,0.0,0.0,0.0,10129.0,65.0,8.0,93.0,,5.0,0.0,0.0,0.0,0.0,0.0
558,240,2018-01-24,7.0,200.0,90.0,80.0,120.0,115.0,,104.0,0.0,0.0,0.0,0.0,10122.0,65.0,8.0,92.0,,5.0,0.0,0.0,0.0,0.0,0.0
559,240,2018-01-24,8.0,200.0,100.0,100.0,140.0,118.0,,103.0,0.0,0.0,0.0,0.0,10117.0,67.0,8.0,90.0,,5.0,0.0,0.0,0.0,0.0,0.0
560,240,2018-01-24,9.0,200.0,110.0,110.0,150.0,122.0,,105.0,0.0,4.0,0.0,0.0,10110.0,60.0,8.0,89.0,,5.0,0.0,0.0,0.0,0.0,0.0
561,240,2018-01-24,10.0,200.0,110.0,110.0,160.0,122.0,,108.0,0.0,8.0,0.0,-1.0,10104.0,57.0,8.0,91.0,81,7.0,0.0,1.0,0.0,0.0,0.0
562,240,2018-01-24,11.0,200.0,110.0,120.0,170.0,126.0,,108.0,0.0,10.0,0.0,-1.0,10094.0,70.0,8.0,88.0,23,7.0,0.0,1.0,0.0,0.0,0.0
563,240,2018-01-24,12.0,200.0,130.0,120.0,190.0,130.0,112,105.0,0.0,16.0,0.0,0.0,10084.0,70.0,8.0,84.0,2,7.0,0.0,0.0,0.0,0.0,0.0
564,240,2018-01-24,13.0,200.0,130.0,140.0,210.0,135.0,,102.0,0.0,13.0,0.0,0.0,10077.0,75.0,8.0,80.0,,5.0,0.0,0.0,0.0,0.0,0.0
565,240,2018-01-24,14.0,200.0,130.0,130.0,210.0,130.0,,105.0,0.0,17.0,0.0,0.0,10070.0,60.0,8.0,84.0,,5.0,0.0,0.0,0.0,0.0,0.0
566,240,2018-01-24,15.0,200.0,120.0,120.0,180.0,127.0,,100.0,0.0,19.0,0.0,-1.0,10066.0,65.0,8.0,83.0,81,7.0,0.0,1.0,0.0,0.0,0.0
567,240,2018-01-24,16.0,200.0,120.0,120.0,170.0,125.0,,94.0,0.0,4.0,0.0,-1.0,10062.0,70.0,8.0,81.0,23,7.0,0.0,1.0,0.0,0.0,0.0
568,240,2018-01-24,17.0,200.0,120.0,110.0,180.0,116.0,,97.0,0.0,0.0,7.0,2.0,10058.0,58.0,8.0,88.0,81,7.0,0.0,1.0,0.0,0.0,0.0
569,240,2018-01-24,18.0,210.0,120.0,130.0,180.0,120.0,109,88.0,0.0,0.0,0.0,-1.0,10056.0,66.0,8.0,80.0,23,7.0,0.0,1.0,0.0,0.0,0.0
570,240,2018-01-24,19.0,300.0,90.0,50.0,170.0,72.0,,67.0,0.0,0.0,8.0,14.0,10070.0,50.0,8.0,96.0,58,7.0,0.0,1.0,0.0,0.0,0.0
571,240,2018-01-24,20.0,260.0,50.0,50.0,80.0,75.0,,69.0,0.0,0.0,10.0,16.0,10074.0,47.0,8.0,95.0,61,7.0,0.0,1.0,0.0,0.0,0.0
572,240,2018-01-24,21.0,230.0,60.0,60.0,90.0,73.0,,64.0,0.0,0.0,10.0,11.0,10076.0,60.0,8.0,93.0,61,7.0,0.0,1.0,0.0,0.0,0.0
573,240,2018-01-24,22.0,210.0,60.0,60.0,90.0,71.0,,63.0,0.0,0.0,8.0,6.0,10076.0,65.0,8.0,94.0,61,7.0,0.0,1.0,0.0,0.0,0.0
574,240,2018-01-24,23.0,220.0,60.0,60.0,90.0,75.0,,64.0,0.0,0.0,8.0,2.0,10085.0,65.0,8.0,93.0,51,7.0,0.0,1.0,0.0,0.0,0.0
575,240,2018-01-24,24.0,220.0,70.0,60.0,100.0,74.0,68,57.0,0.0,0.0,5.0,1.0,10089.0,70.0,8.0,88.0,81,7.0,0.0,1.0,0.0,0.0,0.0
576,240,2018-01-25,1.0,230.0,70.0,80.0,100.0,69.0,,51.0,0.0,0.0,0.0,-1.0,10089.0,70.0,8.0,87.0,23,7.0,0.0,1.0,0.0,0.0,0.0
577,240,2018-01-25,2.0,230.0,80.0,70.0,120.0,70.0,,54.0,0.0,0.0,0.0,0.0,10091.0,70.0,8.0,89.0,,5.0,0.0,0.0,0.0,0.0,0.0
578,240,2018-01-25,3.0,200.0,60.0,60.0,100.0,66.0,,52.0,0.0,0.0,0.0,0.0,10093.0,70.0,8.0,90.0,2,7.0,0.0,0.0,0.0,0.0,0.0
579,240,2018-01-25,4.0,210.0,60.0,70.0,90.0,72.0,,57.0,0.0,0.0,0.0,-1.0,10097.0,70.0,8.0,89.0,22,7.0,0.0,1.0,0.0,0.0,0.0
580,240,2018-01-25,5.0,210.0,60.0,70.0,100.0,74.0,,58.0,0.0,0.0,0.0,0.0,10098.0,70.0,8.0,90.0,,5.0,0.0,0.0,0.0,0.0,0.0
581,240,2018-01-25,6.0,210.0,60.0,60.0,90.0,72.0,58,59.0,0.0,0.0,0.0,0.0,10099.0,65.0,8.0,91.0,2,7.0,0.0,0.0,0.0,0.0,0.0
582,240,2018-01-25,7.0,200.0,60.0,60.0,80.0,71.0,,58.0,0.0,0.0,0.0,0.0,10100.0,65.0,8.0,91.0,,5.0,0.0,0.0,0.0,0.0,0.0
583,240,2018-01-25,8.0,190.0,60.0,60.0,80.0,71.0,,59.0,0.0,1.0,0.0,0.0,10104.0,65.0,8.0,92.0,,5.0,0.0,0.0,0.0,0.0,0.0
584,240,2018-01-25,9.0,190.0,60.0,50.0,80.0,75.0,,63.0,0.0,9.0,0.0,0.0,10105.0,65.0,8.0,91.0,,5.0,0.0,0.0,0.0,0.0,0.0
585,240,2018-01-25,10.0,200.0,60.0,70.0,90.0,81.0,,66.0,0.0,28.0,0.0,0.0,10107.0,67.0,8.0,90.0,,5.0,0.0,0.0,0.0,0.0,0.0
586,240,2018-01-25,11.0,210.0,60.0,70.0,100.0,86.0,,64.0,0.0,49.0,0.0,0.0,10106.0,70.0,8.0,86.0,,5.0,0.0,0.0,0.0,0.0,0.0
587,240,2018-01-25,12.0,210.0,60.0,80.0,100.0,92.0,63,60.0,8.0,81.0,0.0,0.0,10104.0,75.0,8.0,80.0,,5.0,0.0,0.0,0.0,0.0,0.0
588,240,2018-01-25,13.0,200.0,60.0,60.0,100.0,91.0,,66.0,7.0,60.0,0.0,0.0,10101.0,65.0,8.0,84.0,,5.0,0.0,0.0,0.0,0.0,0.0
589,240,2018-01-25,14.0,210.0,60.0,60.0,80.0,89.0,,65.0,0.0,42.0,0.0,0.0,10097.0,66.0,8.0,84.0,,5.0,0.0,0.0,0.0,0.0,0.0
590,240,2018-01-25,15.0,200.0,60.0,50.0,80.0,85.0,,63.0,0.0,23.0,0.0,0.0,10097.0,66.0,8.0,86.0,,5.0,0.0,0.0,0.0,0.0,0.0
591,240,2018-01-25,16.0,200.0,50.0,60.0,80.0,80.0,,59.0,0.0,6.0,0.0,0.0,10099.0,67.0,8.0,86.0,,5.0,0.0,0.0,0.0,0.0,0.0
592,240,2018-01-25,17.0,200.0,40.0,40.0,80.0,77.0,,60.0,0.0,0.0,0.0,0.0,10103.0,65.0,8.0,89.0,,5.0,0.0,0.0,0.0,0.0,0.0
593,240,2018-01-25,18.0,190.0,40.0,40.0,60.0,73.0,66,57.0,0.0,0.0,0.0,0.0,10106.0,66.0,8.0,89.0,,5.0,0.0,0.0,0.0,0.0,0.0
594,240,2018-01-25,19.0,190.0,40.0,40.0,50.0,59.0,,43.0,0.0,0.0,0.0,0.0,10110.0,66.0,8.0,89.0,,5.0,0.0,0.0,0.0,0.0,0.0
595,240,2018-01-25,20.0,200.0,40.0,40.0,60.0,61.0,,42.0,0.0,0.0,0.0,0.0,10109.0,70.0,8.0,88.0,,5.0,0.0,0.0,0.0,0.0,0.0
596,240,2018-01-25,21.0,180.0,40.0,40.0,70.0,56.0,,44.0,0.0,0.0,0.0,0.0,10111.0,65.0,8.0,92.0,,5.0,0.0,0.0,0.0,0.0,0.0
597,240,2018-01-25,22.0,160.0,40.0,30.0,60.0,52.0,,44.0,0.0,0.0,0.0,0.0,10113.0,62.0,8.0,94.0,,5.0,0.0,0.0,0.0,0.0,0.0
598,240,2018-01-25,23.0,160.0,20.0,20.0,40.0,43.0,,37.0,0.0,0.0,0.0,0.0,10115.0,60.0,8.0,95.0,,5.0,0.0,0.0,0.0,0.0,0.0
599,240,2018-01-25,24.0,170.0,30.0,20.0,50.0,42.0,27,35.0,0.0,0.0,0.0,0.0,10119.0,60.0,8.0,94.0,,5.0,0.0,0.0,0.0,0.0,0.0
600,240,2018-01-26,1.0,180.0,40.0,30.0,50.0,38.0,,35.0,0.0,0.0,0.0,0.0,10122.0,58.0,5.0,97.0,10,7.0,0.0,0.0,0.0,0.0,0.0
601,240,2018-01-26,2.0,180.0,30.0,40.0,50.0,41.0,,39.0,0.0,0.0,0.0,0.0,10125.0,57.0,6.0,98.0,10,7.0,0.0,0.0,0.0,0.0,0.0
602,240,2018-01-26,3.0,170.0,30.0,40.0,40.0,37.0,,34.0,0.0,0.0,0.0,0.0,10123.0,56.0,7.0,97.0,10,7.0,0.0,0.0,0.0,0.0,0.0
603,240,2018-01-26,4.0,170.0,40.0,30.0,50.0,37.0,,35.0,0.0,0.0,0.0,0.0,10129.0,50.0,8.0,98.0,10,7.0,0.0,0.0,0.0,0.0,0.0
604,240,2018-01-26,5.0,160.0,30.0,30.0,40.0,31.0,,28.0,0.0,0.0,0.0,0.0,10135.0,22.0,8.0,98.0,10,7.0,0.0,0.0,0.0,0.0,0.0
605,240,2018-01-26,6.0,160.0,30.0,40.0,50.0,35.0,15,32.0,0.0,0.0,0.0,0.0,10139.0,10.0,8.0,98.0,20,7.0,1.0,0.0,0.0,0.0,0.0
606,240,2018-01-26,7.0,170.0,30.0,40.0,50.0,34.0,,34.0,0.0,0.0,0.0,0.0,10148.0,3.0,9.0,99.0,34,7.0,1.0,0.0,0.0,0.0,0.0
607,240,2018-01-26,8.0,180.0,20.0,20.0,40.0,31.0,,31.0,0.0,1.0,0.0,0.0,10157.0,1.0,9.0,99.0,34,7.0,1.0,0.0,0.0,0.0,0.0
608,240,2018-01-26,9.0,170.0,20.0,20.0,40.0,36.0,,36.0,0.0,7.0,0.0,0.0,10165.0,1.0,9.0,99.0,33,7.0,1.0,0.0,0.0,0.0,0.0
609,240,2018-01-26,10.0,170.0,30.0,30.0,40.0,43.0,,43.0,0.0,21.0,0.0,0.0,10174.0,2.0,9.0,99.0,32,7.0,1.0,0.0,0.0,0.0,0.0
610,240,2018-01-26,11.0,200.0,20.0,20.0,40.0,53.0,,50.0,0.0,44.0,0.0,0.0,10178.0,23.0,8.0,98.0,20,7.0,1.0,0.0,0.0,0.0,0.0
611,240,2018-01-26,12.0,210.0,20.0,20.0,40.0,61.0,31,55.0,5.0,71.0,0.0,0.0,10184.0,50.0,8.0,96.0,10,7.0,0.0,0.0,0.0,0.0,0.0
612,240,2018-01-26,13.0,270.0,20.0,20.0,40.0,76.0,,58.0,2.0,62.0,0.0,0.0,10187.0,58.0,8.0,88.0,10,7.0,0.0,0.0,0.0,0.0,0.0
613,240,2018-01-26,14.0,230.0,20.0,30.0,40.0,78.0,,58.0,3.0,62.0,0.0,0.0,10191.0,60.0,8.0,86.0,,5.0,0.0,0.0,0.0,0.0,0.0
614,240,2018-01-26,15.0,280.0,30.0,30.0,60.0,70.0,,56.0,2.0,20.0,0.0,0.0,10198.0,60.0,8.0,90.0,,5.0,0.0,0.0,0.0,0.0,0.0
615,240,2018-01-26,16.0,280.0,30.0,30.0,40.0,66.0,,57.0,0.0,6.0,0.0,-1.0,10209.0,58.0,8.0,93.0,51,7.0,0.0,1.0,0.0,0.0,0.0
616,240,2018-01-26,17.0,240.0,20.0,20.0,30.0,67.0,,60.0,0.0,0.0,8.0,8.0,10217.0,50.0,8.0,95.0,51,7.0,0.0,1.0,0.0,0.0,0.0
617,240,2018-01-26,18.0,190.0,30.0,30.0,50.0,61.0,60,57.0,0.0,0.0,0.0,-1.0,10226.0,23.0,8.0,97.0,22,7.0,0.0,1.0,0.0,0.0,0.0
618,240,2018-01-26,19.0,260.0,30.0,20.0,40.0,63.0,,59.0,0.0,0.0,0.0,0.0,10238.0,25.0,8.0,97.0,10,7.0,0.0,0.0,0.0,0.0,0.0
619,240,2018-01-26,20.0,280.0,20.0,10.0,30.0,47.0,,43.0,0.0,0.0,0.0,0.0,10244.0,13.0,4.0,97.0,10,7.0,0.0,0.0,0.0,0.0,0.0
620,240,2018-01-26,21.0,260.0,30.0,20.0,40.0,54.0,,46.0,0.0,0.0,0.0,0.0,10254.0,63.0,8.0,94.0,,5.0,0.0,0.0,0.0,0.0,0.0
621,240,2018-01-26,22.0,250.0,10.0,10.0,40.0,48.0,,41.0,0.0,0.0,0.0,0.0,10259.0,65.0,8.0,95.0,,5.0,0.0,0.0,0.0,0.0,0.0
622,240,2018-01-26,23.0,260.0,20.0,30.0,40.0,56.0,,45.0,0.0,0.0,0.0,0.0,10266.0,65.0,8.0,92.0,,5.0,0.0,0.0,0.0,0.0,0.0
623,240,2018-01-26,24.0,270.0,30.0,30.0,60.0,47.0,20,25.0,0.0,0.0,0.0,0.0,10267.0,70.0,3.0,85.0,,5.0,0.0,0.0,0.0,0.0,0.0
624,240,2018-01-27,1.0,190.0,20.0,20.0,40.0,20.0,,11.0,0.0,0.0,0.0,0.0,10266.0,65.0,0.0,93.0,,5.0,0.0,0.0,0.0,0.0,0.0
625,240,2018-01-27,2.0,220.0,20.0,30.0,40.0,26.0,,20.0,0.0,0.0,0.0,0.0,10273.0,63.0,8.0,96.0,,5.0,0.0,0.0,0.0,0.0,0.0
626,240,2018-01-27,3.0,190.0,20.0,30.0,40.0,15.0,,11.0,0.0,0.0,0.0,0.0,10273.0,61.0,1.0,97.0,,5.0,0.0,0.0,0.0,0.0,0.0
627,240,2018-01-27,4.0,190.0,30.0,30.0,40.0,13.0,,9.0,0.0,0.0,0.0,0.0,10277.0,58.0,7.0,97.0,10,7.0,0.0,0.0,0.0,0.0,0.0
628,240,2018-01-27,5.0,200.0,40.0,40.0,40.0,35.0,,30.0,0.0,0.0,0.0,0.0,10280.0,59.0,8.0,96.0,10,7.0,0.0,0.0,0.0,0.0,0.0
629,240,2018-01-27,6.0,210.0,30.0,30.0,50.0,44.0,-7,36.0,0.0,0.0,0.0,0.0,10287.0,59.0,8.0,94.0,10,7.0,0.0,0.0,0.0,0.0,0.0
630,240,2018-01-27,7.0,190.0,40.0,40.0,50.0,48.0,,34.0,0.0,0.0,0.0,0.0,10285.0,66.0,8.0,90.0,,5.0,0.0,0.0,0.0,0.0,0.0
631,240,2018-01-27,8.0,190.0,40.0,40.0,50.0,51.0,,33.0,0.0,1.0,0.0,0.0,10291.0,64.0,8.0,88.0,,5.0,0.0,0.0,0.0,0.0,0.0
632,240,2018-01-27,9.0,200.0,50.0,50.0,70.0,57.0,,32.0,0.0,9.0,0.0,0.0,10289.0,70.0,8.0,84.0,,5.0,0.0,0.0,0.0,0.0,0.0
633,240,2018-01-27,10.0,190.0,60.0,60.0,80.0,58.0,,32.0,0.0,17.0,0.0,0.0,10293.0,69.0,8.0,82.0,,5.0,0.0,0.0,0.0,0.0,0.0
634,240,2018-01-27,11.0,190.0,60.0,60.0,80.0,65.0,,34.0,0.0,33.0,0.0,0.0,10291.0,68.0,8.0,80.0,,5.0,0.0,0.0,0.0,0.0,0.0
635,240,2018-01-27,12.0,220.0,80.0,80.0,120.0,67.0,41,28.0,2.0,51.0,0.0,0.0,10284.0,70.0,6.0,76.0,,5.0,0.0,0.0,0.0,0.0,0.0
636,240,2018-01-27,13.0,200.0,80.0,80.0,120.0,68.0,,30.0,10.0,98.0,0.0,0.0,10276.0,67.0,8.0,76.0,,5.0,0.0,0.0,0.0,0.0,0.0
637,240,2018-01-27,14.0,190.0,80.0,90.0,120.0,64.0,,31.0,7.0,66.0,0.0,0.0,10273.0,66.0,8.0,79.0,,5.0,0.0,0.0,0.0,0.0,0.0
638,240,2018-01-27,15.0,190.0,80.0,80.0,110.0,60.0,,32.0,0.0,31.0,0.0,0.0,10271.0,61.0,8.0,82.0,,5.0,0.0,0.0,0.0,0.0,0.0
639,240,2018-01-27,16.0,190.0,90.0,90.0,130.0,53.0,,29.0,0.0,7.0,0.0,0.0,10265.0,64.0,8.0,84.0,,5.0,0.0,0.0,0.0,0.0,0.0
640,240,2018-01-27,17.0,200.0,90.0,100.0,140.0,52.0,,32.0,0.0,0.0,3.0,1.0,10256.0,60.0,8.0,87.0,81,7.0,0.0,1.0,0.0,0.0,0.0
641,240,2018-01-27,18.0,200.0,100.0,100.0,140.0,54.0,48,36.0,0.0,0.0,10.0,1.0,10249.0,59.0,8.0,88.0,52,7.0,0.0,1.0,0.0,0.0,0.0
642,240,2018-01-27,19.0,200.0,110.0,110.0,150.0,58.0,,38.0,0.0,0.0,5.0,2.0,10243.0,61.0,8.0,87.0,23,7.0,0.0,1.0,0.0,0.0,0.0
643,240,2018-01-27,20.0,210.0,110.0,110.0,150.0,56.0,,46.0,0.0,0.0,6.0,2.0,10240.0,33.0,8.0,93.0,58,7.0,0.0,1.0,0.0,0.0,0.0
644,240,2018-01-27,21.0,220.0,110.0,100.0,160.0,61.0,,52.0,0.0,0.0,0.0,-1.0,10240.0,36.0,8.0,93.0,51,7.0,0.0,1.0,0.0,0.0,0.0
645,240,2018-01-27,22.0,220.0,100.0,100.0,140.0,69.0,,59.0,0.0,0.0,0.0,-1.0,10240.0,58.0,8.0,93.0,22,7.0,0.0,1.0,0.0,0.0,0.0
646,240,2018-01-27,23.0,230.0,100.0,110.0,150.0,75.0,,66.0,0.0,0.0,0.0,0.0,10239.0,61.0,8.0,94.0,,5.0,0.0,0.0,0.0,0.0,0.0
647,240,2018-01-27,24.0,230.0,90.0,80.0,140.0,83.0,50,75.0,0.0,0.0,0.0,0.0,10240.0,62.0,8.0,95.0,2,7.0,0.0,0.0,0.0,0.0,0.0
648,240,2018-01-28,1.0,240.0,100.0,100.0,170.0,92.0,,84.0,0.0,0.0,0.0,0.0,10242.0,64.0,8.0,94.0,,5.0,0.0,0.0,0.0,0.0,0.0
649,240,2018-01-28,2.0,240.0,100.0,100.0,170.0,93.0,,87.0,0.0,0.0,0.0,0.0,10247.0,60.0,8.0,95.0,,5.0,0.0,0.0,0.0,0.0,0.0
650,240,2018-01-28,3.0,250.0,90.0,90.0,140.0,94.0,,87.0,0.0,0.0,0.0,0.0,10249.0,60.0,8.0,95.0,,5.0,0.0,0.0,0.0,0.0,0.0
651,240,2018-01-28,4.0,260.0,90.0,90.0,130.0,93.0,,84.0,0.0,0.0,0.0,0.0,10254.0,62.0,7.0,94.0,,5.0,0.0,0.0,0.0,0.0,0.0
652,240,2018-01-28,5.0,270.0,80.0,80.0,120.0,88.0,,78.0,0.0,0.0,0.0,0.0,10256.0,64.0,8.0,93.0,,5.0,0.0,0.0,0.0,0.0,0.0
653,240,2018-01-28,6.0,270.0,70.0,70.0,110.0,86.0,75,71.0,0.0,0.0,0.0,0.0,10266.0,67.0,8.0,90.0,,5.0,0.0,0.0,0.0,0.0,0.0
654,240,2018-01-28,7.0,250.0,50.0,70.0,100.0,84.0,,76.0,0.0,0.0,0.0,0.0,10272.0,60.0,8.0,94.0,,5.0,0.0,0.0,0.0,0.0,0.0
655,240,2018-01-28,8.0,250.0,70.0,70.0,100.0,82.0,,69.0,0.0,2.0,0.0,0.0,10275.0,63.0,8.0,91.0,,5.0,0.0,0.0,0.0,0.0,0.0
656,240,2018-01-28,9.0,240.0,70.0,80.0,110.0,89.0,,71.0,7.0,25.0,0.0,0.0,10281.0,64.0,8.0,88.0,,5.0,0.0,0.0,0.0,0.0,0.0
657,240,2018-01-28,10.0,240.0,70.0,70.0,110.0,99.0,,81.0,7.0,54.0,0.0,0.0,10285.0,67.0,8.0,88.0,,5.0,0.0,0.0,0.0,0.0,0.0
658,240,2018-01-28,11.0,240.0,90.0,80.0,130.0,101.0,,76.0,0.0,36.0,0.0,0.0,10287.0,69.0,8.0,84.0,,5.0,0.0,0.0,0.0,0.0,0.0
659,240,2018-01-28,12.0,230.0,90.0,90.0,140.0,104.0,74,81.0,0.0,53.0,0.0,0.0,10282.0,67.0,8.0,85.0,,5.0,0.0,0.0,0.0,0.0,0.0
660,240,2018-01-28,13.0,240.0,100.0,110.0,150.0,106.0,,85.0,2.0,52.0,0.0,0.0,10279.0,70.0,8.0,86.0,,5.0,0.0,0.0,0.0,0.0,0.0
661,240,2018-01-28,14.0,240.0,100.0,100.0,160.0,107.0,,86.0,0.0,45.0,0.0,0.0,10277.0,70.0,8.0,86.0,,5.0,0.0,0.0,0.0,0.0,0.0
662,240,2018-01-28,15.0,240.0,100.0,90.0,160.0,101.0,,84.0,0.0,20.0,0.0,0.0,10278.0,66.0,8.0,89.0,,5.0,0.0,0.0,0.0,0.0,0.0
663,240,2018-01-28,16.0,230.0,100.0,100.0,140.0,100.0,,85.0,0.0,8.0,0.0,0.0,10276.0,65.0,8.0,90.0,,5.0,0.0,0.0,0.0,0.0,0.0
664,240,2018-01-28,17.0,230.0,110.0,110.0,150.0,105.0,,86.0,0.0,1.0,0.0,0.0,10276.0,70.0,8.0,88.0,,5.0,0.0,0.0,0.0,0.0,0.0
665,240,2018-01-28,18.0,230.0,100.0,100.0,150.0,107.0,96,86.0,0.0,0.0,0.0,0.0,10279.0,70.0,8.0,86.0,,5.0,0.0,0.0,0.0,0.0,0.0
666,240,2018-01-28,19.0,230.0,100.0,80.0,150.0,110.0,,88.0,0.0,0.0,0.0,0.0,10283.0,70.0,8.0,86.0,,5.0,0.0,0.0,0.0,0.0,0.0
667,240,2018-01-28,20.0,230.0,90.0,90.0,140.0,108.0,,87.0,0.0,0.0,0.0,0.0,10284.0,70.0,8.0,87.0,,5.0,0.0,0.0,0.0,0.0,0.0
668,240,2018-01-28,21.0,240.0,90.0,90.0,130.0,104.0,,87.0,0.0,0.0,0.0,0.0,10283.0,67.0,8.0,89.0,,5.0,0.0,0.0,0.0,0.0,0.0
669,240,2018-01-28,22.0,240.0,90.0,90.0,130.0,102.0,,86.0,0.0,0.0,0.0,0.0,10278.0,65.0,8.0,89.0,,5.0,0.0,0.0,0.0,0.0,0.0
670,240,2018-01-28,23.0,240.0,90.0,90.0,140.0,106.0,,87.0,0.0,0.0,0.0,0.0,10276.0,69.0,8.0,87.0,,5.0,0.0,0.0,0.0,0.0,0.0
671,240,2018-01-28,24.0,240.0,90.0,110.0,150.0,108.0,99,82.0,0.0,0.0,0.0,0.0,10271.0,70.0,8.0,83.0,,5.0,0.0,0.0,0.0,0.0,0.0
672,240,2018-01-29,1.0,240.0,100.0,110.0,150.0,108.0,,77.0,0.0,0.0,0.0,0.0,10266.0,70.0,8.0,81.0,,5.0,0.0,0.0,0.0,0.0,0.0
673,240,2018-01-29,2.0,230.0,110.0,90.0,170.0,104.0,,77.0,0.0,0.0,0.0,0.0,10263.0,70.0,8.0,83.0,,5.0,0.0,0.0,0.0,0.0,0.0
674,240,2018-01-29,3.0,230.0,100.0,100.0,150.0,104.0,,75.0,0.0,0.0,0.0,0.0,10255.0,70.0,8.0,82.0,,5.0,0.0,0.0,0.0,0.0,0.0
675,240,2018-01-29,4.0,240.0,110.0,110.0,160.0,101.0,,72.0,0.0,0.0,0.0,0.0,10250.0,67.0,8.0,82.0,,5.0,0.0,0.0,0.0,0.0,0.0
676,240,2018-01-29,5.0,230.0,110.0,100.0,170.0,98.0,,70.0,0.0,0.0,0.0,0.0,10248.0,66.0,8.0,82.0,,5.0,0.0,0.0,0.0,0.0,0.0
677,240,2018-01-29,6.0,230.0,100.0,110.0,150.0,98.0,93,68.0,0.0,0.0,0.0,0.0,10245.0,67.0,8.0,81.0,,5.0,0.0,0.0,0.0,0.0,0.0
678,240,2018-01-29,7.0,230.0,110.0,110.0,180.0,98.0,,66.0,0.0,0.0,0.0,0.0,10242.0,69.0,8.0,80.0,,5.0,0.0,0.0,0.0,0.0,0.0
679,240,2018-01-29,8.0,230.0,110.0,110.0,160.0,99.0,,66.0,0.0,2.0,0.0,0.0,10238.0,69.0,8.0,79.0,,5.0,0.0,0.0,0.0,0.0,0.0
680,240,2018-01-29,9.0,230.0,120.0,120.0,180.0,101.0,,68.0,7.0,25.0,0.0,0.0,10233.0,74.0,8.0,79.0,,5.0,0.0,0.0,0.0,0.0,0.0
681,240,2018-01-29,10.0,240.0,120.0,130.0,180.0,108.0,,65.0,0.0,41.0,0.0,0.0,10232.0,75.0,8.0,74.0,,5.0,0.0,0.0,0.0,0.0,0.0
682,240,2018-01-29,11.0,240.0,130.0,120.0,190.0,108.0,,61.0,0.0,39.0,0.0,0.0,10225.0,75.0,8.0,72.0,,5.0,0.0,0.0,0.0,0.0,0.0
683,240,2018-01-29,12.0,230.0,130.0,130.0,220.0,110.0,94,61.0,0.0,41.0,0.0,0.0,10216.0,75.0,8.0,71.0,,5.0,0.0,0.0,0.0,0.0,0.0
684,240,2018-01-29,13.0,230.0,130.0,140.0,210.0,106.0,,64.0,0.0,36.0,0.0,0.0,10208.0,73.0,8.0,75.0,,5.0,0.0,0.0,0.0,0.0,0.0
685,240,2018-01-29,14.0,240.0,130.0,130.0,210.0,103.0,,66.0,0.0,22.0,0.0,-1.0,10200.0,69.0,8.0,77.0,51,7.0,0.0,1.0,0.0,0.0,0.0
686,240,2018-01-29,15.0,250.0,130.0,140.0,190.0,93.0,,78.0,0.0,6.0,10.0,22.0,10200.0,58.0,8.0,89.0,81,7.0,0.0,1.0,0.0,0.0,0.0
687,240,2018-01-29,16.0,280.0,130.0,130.0,210.0,87.0,,79.0,0.0,4.0,10.0,7.0,10212.0,41.0,8.0,94.0,52,7.0,0.0,1.0,0.0,0.0,0.0
688,240,2018-01-29,17.0,300.0,90.0,80.0,180.0,75.0,,64.0,0.0,1.0,0.0,-1.0,10225.0,65.0,8.0,92.0,81,7.0,0.0,1.0,0.0,0.0,0.0
689,240,2018-01-29,18.0,290.0,60.0,70.0,110.0,69.0,61,54.0,0.0,0.0,0.0,-1.0,10239.0,70.0,8.0,90.0,23,7.0,0.0,1.0,0.0,0.0,0.0
690,240,2018-01-29,19.0,290.0,70.0,70.0,120.0,67.0,,49.0,0.0,0.0,0.0,0.0,10253.0,70.0,2.0,88.0,,5.0,0.0,0.0,0.0,0.0,0.0
691,240,2018-01-29,20.0,300.0,60.0,50.0,90.0,58.0,,30.0,0.0,0.0,0.0,0.0,10263.0,70.0,0.0,82.0,,5.0,0.0,0.0,0.0,0.0,0.0
692,240,2018-01-29,21.0,290.0,50.0,40.0,80.0,55.0,,29.0,0.0,0.0,0.0,0.0,10270.0,70.0,2.0,83.0,,5.0,0.0,0.0,0.0,0.0,0.0
693,240,2018-01-29,22.0,290.0,50.0,50.0,80.0,50.0,,27.0,0.0,0.0,0.0,0.0,10277.0,70.0,1.0,84.0,,5.0,0.0,0.0,0.0,0.0,0.0
694,240,2018-01-29,23.0,270.0,50.0,30.0,70.0,34.0,,20.0,0.0,0.0,0.0,0.0,10285.0,70.0,0.0,90.0,,5.0,0.0,0.0,0.0,0.0,0.0
695,240,2018-01-29,24.0,290.0,40.0,30.0,60.0,40.0,19,24.0,0.0,0.0,0.0,0.0,10288.0,69.0,0.0,89.0,,5.0,0.0,0.0,0.0,0.0,0.0
696,240,2018-01-30,1.0,270.0,30.0,30.0,40.0,32.0,,20.0,0.0,0.0,0.0,0.0,10289.0,65.0,0.0,91.0,,5.0,0.0,0.0,0.0,0.0,0.0
697,240,2018-01-30,2.0,250.0,30.0,30.0,40.0,31.0,,22.0,0.0,0.0,0.0,0.0,10292.0,65.0,1.0,93.0,,5.0,0.0,0.0,0.0,0.0,0.0
698,240,2018-01-30,3.0,250.0,30.0,30.0,40.0,29.0,,20.0,0.0,0.0,0.0,0.0,10294.0,64.0,8.0,94.0,,5.0,0.0,0.0,0.0,0.0,0.0
699,240,2018-01-30,4.0,220.0,30.0,30.0,40.0,25.0,,20.0,0.0,0.0,0.0,0.0,10286.0,63.0,8.0,96.0,,5.0,0.0,0.0,0.0,0.0,0.0
700,240,2018-01-30,5.0,230.0,30.0,30.0,40.0,32.0,,25.0,0.0,0.0,0.0,0.0,10292.0,64.0,8.0,95.0,,5.0,0.0,0.0,0.0,0.0,0.0
701,240,2018-01-30,6.0,230.0,30.0,40.0,50.0,35.0,2,26.0,0.0,0.0,0.0,0.0,10289.0,65.0,7.0,93.0,,5.0,0.0,0.0,0.0,0.0,0.0
702,240,2018-01-30,7.0,230.0,40.0,40.0,60.0,43.0,,28.0,0.0,0.0,0.0,0.0,10292.0,64.0,8.0,89.0,,5.0,0.0,0.0,0.0,0.0,0.0
703,240,2018-01-30,8.0,240.0,40.0,40.0,60.0,44.0,,29.0,3.0,5.0,0.0,0.0,10291.0,66.0,8.0,89.0,,5.0,0.0,0.0,0.0,0.0,0.0
704,240,2018-01-30,9.0,230.0,40.0,40.0,70.0,53.0,,33.0,8.0,29.0,0.0,0.0,10291.0,67.0,8.0,87.0,,5.0,0.0,0.0,0.0,0.0,0.0
705,240,2018-01-30,10.0,230.0,40.0,40.0,60.0,64.0,,42.0,5.0,49.0,0.0,0.0,10288.0,68.0,8.0,85.0,,5.0,0.0,0.0,0.0,0.0,0.0
706,240,2018-01-30,11.0,250.0,50.0,60.0,90.0,69.0,,40.0,9.0,82.0,0.0,0.0,10292.0,70.0,8.0,81.0,,5.0,0.0,0.0,0.0,0.0,0.0
707,240,2018-01-30,12.0,250.0,60.0,60.0,90.0,72.0,24,35.0,6.0,75.0,0.0,0.0,10282.0,75.0,8.0,77.0,,5.0,0.0,0.0,0.0,0.0,0.0
708,240,2018-01-30,13.0,240.0,60.0,60.0,90.0,72.0,,30.0,9.0,90.0,0.0,0.0,10273.0,75.0,8.0,74.0,,5.0,0.0,0.0,0.0,0.0,0.0
709,240,2018-01-30,14.0,240.0,50.0,60.0,80.0,70.0,,26.0,5.0,62.0,0.0,0.0,10266.0,75.0,5.0,73.0,,5.0,0.0,0.0,0.0,0.0,0.0
710,240,2018-01-30,15.0,230.0,60.0,50.0,80.0,66.0,,28.0,10.0,59.0,0.0,0.0,10260.0,75.0,2.0,76.0,,5.0,0.0,0.0,0.0,0.0,0.0
711,240,2018-01-30,16.0,230.0,50.0,50.0,80.0,54.0,,21.0,7.0,25.0,0.0,0.0,10249.0,75.0,1.0,79.0,,5.0,0.0,0.0,0.0,0.0,0.0
712,240,2018-01-30,17.0,220.0,30.0,30.0,60.0,32.0,,11.0,0.0,2.0,0.0,0.0,10241.0,70.0,8.0,85.0,,5.0,0.0,0.0,0.0,0.0,0.0
713,240,2018-01-30,18.0,190.0,30.0,40.0,40.0,19.0,-2,6.0,0.0,0.0,0.0,0.0,10231.0,70.0,8.0,90.0,,5.0,0.0,0.0,0.0,0.0,0.0
714,240,2018-01-30,19.0,180.0,40.0,40.0,60.0,34.0,,18.0,0.0,0.0,0.0,0.0,10222.0,70.0,8.0,88.0,,5.0,0.0,0.0,0.0,0.0,0.0
715,240,2018-01-30,20.0,180.0,40.0,40.0,60.0,34.0,,19.0,0.0,0.0,0.0,0.0,10213.0,69.0,8.0,90.0,,5.0,0.0,0.0,0.0,0.0,0.0
716,240,2018-01-30,21.0,170.0,40.0,40.0,60.0,31.0,,19.0,0.0,0.0,0.0,0.0,10202.0,65.0,8.0,91.0,,5.0,0.0,0.0,0.0,0.0,0.0
717,240,2018-01-30,22.0,180.0,40.0,40.0,50.0,32.0,,20.0,0.0,0.0,0.0,0.0,10187.0,63.0,8.0,91.0,,5.0,0.0,0.0,0.0,0.0,0.0
718,240,2018-01-30,23.0,170.0,40.0,50.0,60.0,42.0,,26.0,0.0,0.0,0.0,0.0,10171.0,63.0,8.0,89.0,,5.0,0.0,0.0,0.0,0.0,0.0
719,240,2018-01-30,24.0,190.0,50.0,50.0,80.0,41.0,2,28.0,0.0,0.0,0.0,0.0,10155.0,60.0,8.0,91.0,,5.0,0.0,0.0,0.0,0.0,0.0
720,240,2018-01-31,1.0,180.0,50.0,50.0,70.0,48.0,,39.0,0.0,0.0,0.0,-1.0,10135.0,50.0,8.0,93.0,57,7.0,0.0,1.0,0.0,0.0,0.0
721,240,2018-01-31,2.0,180.0,50.0,60.0,80.0,58.0,,55.0,0.0,0.0,0.0,-1.0,10113.0,21.0,8.0,97.0,51,7.0,0.0,1.0,0.0,0.0,0.0
722,240,2018-01-31,3.0,200.0,70.0,80.0,110.0,77.0,,75.0,0.0,0.0,10.0,2.0,10095.0,18.0,8.0,98.0,58,7.0,0.0,1.0,0.0,0.0,0.0
723,240,2018-01-31,4.0,230.0,100.0,120.0,180.0,94.0,,87.0,0.0,0.0,10.0,7.0,10082.0,43.0,8.0,95.0,51,7.0,0.0,1.0,0.0,0.0,0.0
724,240,2018-01-31,5.0,230.0,120.0,120.0,180.0,93.0,,82.0,0.0,0.0,6.0,2.0,10072.0,50.0,8.0,92.0,52,7.0,0.0,1.0,0.0,0.0,0.0
725,240,2018-01-31,6.0,230.0,120.0,120.0,190.0,95.0,35,75.0,0.0,0.0,0.0,-1.0,10063.0,70.0,8.0,87.0,22,7.0,0.0,1.0,0.0,0.0,0.0
726,240,2018-01-31,7.0,230.0,120.0,110.0,180.0,94.0,,68.0,0.0,0.0,0.0,0.0,10053.0,70.0,8.0,84.0,,5.0,0.0,0.0,0.0,0.0,0.0
727,240,2018-01-31,8.0,230.0,120.0,110.0,180.0,92.0,,67.0,0.0,1.0,0.0,0.0,10045.0,67.0,8.0,84.0,,5.0,0.0,0.0,0.0,0.0,0.0
728,240,2018-01-31,9.0,240.0,110.0,120.0,160.0,91.0,,63.0,0.0,4.0,0.0,-1.0,10044.0,66.0,8.0,82.0,81,7.0,0.0,1.0,0.0,0.0,0.0
729,240,2018-01-31,10.0,230.0,120.0,120.0,190.0,78.0,,58.0,0.0,9.0,10.0,7.0,10035.0,62.0,8.0,87.0,57,7.0,0.0,1.0,0.0,0.0,0.0
730,240,2018-01-31,11.0,220.0,110.0,100.0,190.0,80.0,,51.0,0.0,13.0,8.0,1.0,10023.0,70.0,8.0,81.0,51,7.0,0.0,1.0,0.0,0.0,0.0
731,240,2018-01-31,12.0,220.0,120.0,100.0,180.0,80.0,71,54.0,0.0,18.0,6.0,1.0,10009.0,70.0,8.0,83.0,23,7.0,0.0,1.0,0.0,0.0,0.0
732,240,2018-01-31,13.0,270.0,110.0,150.0,210.0,65.0,,48.0,0.0,22.0,7.0,6.0,10002.0,58.0,8.0,88.0,58,7.0,0.0,1.0,0.0,0.0,0.0
733,240,2018-01-31,14.0,270.0,80.0,50.0,160.0,57.0,,39.0,0.0,21.0,8.0,5.0,10003.0,65.0,8.0,88.0,61,7.0,0.0,1.0,0.0,0.0,0.0
734,240,2018-01-31,15.0,240.0,60.0,60.0,100.0,61.0,,19.0,2.0,23.0,0.0,-1.0,9992.0,75.0,8.0,74.0,23,7.0,0.0,1.0,0.0,0.0,0.0
735,240,2018-01-31,16.0,250.0,60.0,70.0,100.0,62.0,,26.0,3.0,11.0,0.0,0.0,9987.0,75.0,8.0,77.0,,5.0,0.0,0.0,0.0,0.0,0.0
736,240,2018-01-31,17.0,250.0,70.0,60.0,110.0,59.0,,20.0,0.0,1.0,0.0,0.0,9987.0,75.0,8.0,75.0,,5.0,0.0,0.0,0.0,0.0,0.0
737,240,2018-01-31,18.0,290.0,70.0,50.0,140.0,32.0,21,4.0,0.0,0.0,0.0,-1.0,9990.0,70.0,2.0,81.0,23,7.0,0.0,1.0,0.0,0.0,0.0
738,240,2018-01-31,19.0,250.0,50.0,50.0,80.0,37.0,,-2.0,0.0,0.0,0.0,0.0,9988.0,75.0,0.0,75.0,,5.0,0.0,0.0,0.0,0.0,0.0
739,240,2018-01-31,20.0,240.0,50.0,60.0,120.0,43.0,,0.0,0.0,0.0,0.0,-1.0,9985.0,75.0,1.0,73.0,23,7.0,0.0,1.0,0.0,0.0,0.0
740,240,2018-01-31,21.0,250.0,60.0,80.0,110.0,47.0,,-2.0,0.0,0.0,0.0,0.0,9985.0,75.0,7.0,70.0,3,7.0,0.0,0.0,0.0,0.0,0.0
741,240,2018-01-31,22.0,260.0,70.0,90.0,120.0,45.0,,0.0,0.0,0.0,1.0,1.0,9982.0,75.0,7.0,72.0,23,7.0,0.0,1.0,0.0,0.0,0.0
742,240,2018-01-31,23.0,250.0,80.0,70.0,140.0,47.0,,-1.0,0.0,0.0,0.0,0.0,9981.0,75.0,8.0,71.0,,5.0,0.0,0.0,0.0,0.0,0.0
743,240,2018-01-31,24.0,250.0,70.0,70.0,110.0,45.0,16,2.0,0.0,0.0,0.0,0.0,9978.0,75.0,5.0,73.0,1,7.0,0.0,0.0,0.0,0.0,0.0